id,site,language,title,author,published,url,content_length,content
1,phayul,english,Viral ‘Beijing hit list’ targeting prominent Tibetans likely ‘fake’,Phayul Newsdesk,"Fri, 31 Jul 2026 18:14:39 +0000",https://phayul.com/viral-beijing-hit-list-targeting-prominent-tibetans-likely-fake/,3279,"Tenzin Nyidon
DHARAMSHALA, July 31:
A document circulating widely on social media, purportedly a confidential Chinese government directive ordering the surveillance of prominent Tibetans living overseas under China’s newly enacted so-called
Law on Promoting Ethnic Unity and Progress
, is exhibiting numerous indicators that call its authenticity into serious question.
The document, promoted online as a secret “Beijing hit list” or “target list,” claims Chinese authorities have instructed officials to monitor prominent Tibetan figures abroad. According to the document, those purportedly listed include Central Tibetan Administration (CTA) President Penpa Tsering; Tenzin Taklha, long-time aide to His Holiness the 14th Dalai Lama; 11th Kirti Rinpoche Lobsang Tenzin Jigme Yeshe Gyamtso Rinpoche of Kirti Monastery; CTA Health Minister Pema Tso; and Tibetan educational sociologist Dr. Gyal Lo, who is widely known for exposing China’s state-run boarding school system in Tibet.
However, despite naming several prominent Tibetans, the document lacks virtually every defining characteristic of an authentic Chinese government directive.
Among the most conspicuous irregularities is the absence of an issuing government agency, an official document reference number, a date of issuance, an official seal, an approving authority, and an authorized signature. It also lacks a designated recipient, implementation instructions, or an identifiable administrative chain of command—elements standard in formal Chinese government communications.
Equally significant is the absence of an original, verifiable source. No official PDF, archival record, or independently authenticated version of the document has surfaced, making it impossible to establish its provenance.
The multilingual versions of the document also contain notable inconsistencies that undermine its credibility. In the Chinese text, the phrase used is “overseas Tibetan separatist elements,” whereas the accompanying English translation renders it as “Tibetan anti-China terrorists.” The term “terrorists” does not appear in the original Chinese wording, representing a substantial departure in meaning rather than a straightforward translation.
The document also employs an incorrect Chinese rendering of the name of CTA President Penpa Tsering, differing from the standardized form consistently used in official Chinese government publications. Such an error would be highly unusual in an authentic state-issued document referencing a well-known public figure. Taken together, these linguistic inconsistencies raise additional questions about whether the document originated from an official Chinese government source.
The circulation of seemingly official documents to amplify politically sensitive narratives is not unprecedented. In 2026, the exile Tibetan government known, officially as the Central Tibetan Administration (CTA), warned the public about a forged document bearing the official letterhead of the Office of His Holiness the Dalai Lama. The fabricated document was circulated on Facebook to disseminate false information while mimicking the appearance of an authentic government communication.
The post
Viral ‘Beijing hit list’ targeting prominent Tibetans likely ‘fake’
appeared first on
Phayul
."
2,phayul,english,More than 60 shave heads in New York to honour martyr Lobga Rangzen,Phayul Newsdesk,"Fri, 31 Jul 2026 18:10:31 +0000",https://phayul.com/more-than-60-tibetans-shave-heads-in-new-york-to-honour-martyr-lobga-rangzen/,3253,"Tenzin Nyidon
DHARAMSHALA, July 31:
More than 60 Tibetans living in exile participated in a symbolic head-shaving protest outside the United Nations headquarters in New York on Thursday to honour late Tibetan independence activist Lobga Rangzen and renew calls for international attention to Tibet’s unresolved political struggle.
Organized by the Regional Tibetan Youth Congress (TYC) New York/New Jersey chapter, the memorial protest drew members of the Tibetan community who shaved their heads as a gesture of mourning, remembrance, and solidarity. The demonstration paid tribute to the late martyr, whose death has become a powerful symbol of sacrifice for many Tibetans advocating for Tibet’s freedom struggle movement.
Addressing the gathering, Regional TYC President Jamphel Choesang urged Tibetans to remain steadfast in carrying forward the aspirations of those who had sacrificed their lives for Tibet. “Our martyrs gave everything they had for Tibet. They did not sacrifice for themselves—they sacrificed for all of us, for future generations, and for the dream of a free and independent Tibet,” he said. “Their courage must never be forgotten, and their sacrifices must never be in vain.”
Remembering Lobga Rangzen, Choesang described his sacrifice as an appeal to awaken the world’s conscience and a reminder that the Tibetan struggle continues. “Our beloved Pawo Lobga Rangzen made the ultimate sacrifice to awaken the conscience of the world and to remind us that Tibet’s struggle is far from over. His message was clear: never give up on Tibet,” he said.
Calling for greater public participation, he encouraged Tibetans across the diaspora to actively support the movement through peaceful demonstrations and civic engagement. “Please stand up for our country. Join our protests whenever you can. Raise your voice for justice. Your presence matters,” he said, adding that every individual standing together sends “a powerful message that Tibet lives in our hearts and that we will never surrender our identity, our culture, or our dream of freedom.”
Emphasizing unity within the Tibetan community, he urged Tibetans to work together “as one family, one community, and one nation,” saying collective determination and mutual support remain among the movement’s greatest strengths.
“The responsibility to continue this movement belongs to every one of us,” he said. “Whether young or old, student or professional, every effort counts. Every protest, every prayer, every act of service, and every voice raised for Tibet keeps the flame of our martyrs burning brightly.”
The activist also appealed to the international community and the United Nations to recognize Lobga Rangzen’s sacrifice and respond to the aspirations of the Tibetan people. “We call upon the international community and the United Nations to hear the voices of the Tibetan people and to seek justice for Pawo Lobga Rangzen. His sacrifice deserves to be remembered, and the Tibetan people’s aspirations deserve to be heard,” he said.
Veteran Tibetan independence activist Lobga Rangzen self-immolated in front of the United Nations Headquarters in New York on July 2.
The post
More than 60 shave heads in New York to honour martyr Lobga Rangzen
appeared first on
Phayul
."
3,phayul,english,"Twin quakes measuring 5.7 and 5.8 jolt Drakkar County in Tibet’s Amdo region, triggers landslides",Phayul Newsdesk,"Tue, 28 Jul 2026 19:55:10 +0000",https://phayul.com/twin-quakes-measuring-5-7-and-5-8-jolt-drakkar-county-in-tibets-amdo-region-triggers-landslides/,1837,"Tenzin Nyidon
DHARAMSHALA, July 28:
Twin earthquakes measuring 5.7 and 5.8 in magnitude struck Drakkar County in Tsolho (Ch. Hainan) Tibetan Autonomous Prefecture in Tibet’s Amdo region on Tuesday morning, triggering landslides and sending tremors across neighbouring areas.
According to the China Earthquake Networks Center (CENC), the first earthquake struck at 11:16 a.m. local time, registering a magnitude of 5.7 with a focal depth of 10 kilometres. Just 18 minutes later, a second, slightly stronger 5.8-magnitude earthquake struck the same area at a similar depth.
Videos circulated by Chinese state media showed large plumes of dust billowing from mountain slopes, indicating landslides triggered by the powerful shaking. The tremors were reportedly felt in Xining, the capital of so called Qinghai Province, as well as in Lanzhou, the capital of neighbouring Gansu Province.
As of publication, there were no confirmed reports of fatalities, injuries, or collapsed buildings, although authorities continue to assess the impact in the affected area.
The twin earthquakes come amid growing concern among geologists and seismologists over heightened seismic activity across the Himalayan region, particularly the Tibetan Plateau. Earlier this year, on January 26, a magnitude 5.5 earthquake struck Thewo (Tewo) County in Kanlho (Gannan) Tibetan Autonomous Prefecture of Gansu Province at a depth of 10 kilometres, causing damage to several villages.
The Himalayan belt remains one of the world’s most seismically active regions due to the ongoing collision between the Indian and Eurasian tectonic plates, making strong earthquakes a persistent geological hazard across Tibet and surrounding areas.
The post
Twin quakes measuring 5.7 and 5.8 jolt Drakkar County in Tibet’s Amdo region, triggers landslides
appeared first on
Phayul
."
7,phayul,english,China orders eviction of monastics amid new demolition drive at Larung Gar,Phayul Newsdesk,"Tue, 28 Jul 2026 19:51:40 +0000",https://phayul.com/china-orders-eviction-of-monastics-amid-new-demolition-drive-at-larung-gar/,3677,"Tenzin Nyidon
DHARAMSHALA, July 28:
Chinese authorities have ordered monks and nuns whose residential quarters have been demolished at the renowned Larung Gar Buddhist Academy in Sertar County to leave the institute and return to their native monasteries, as Beijing presses ahead with its latest demolition campaign at one of the world’s largest centres of Tibetan Buddhist learning.
According to a report by the Dharamshala-based Tibetan outlet, Tibet Times, the order applies to all monastics whose residences have already been razed. Those from outside Serthar have been instructed to return either to their family homes or to monasteries in their native regions. At the same time, even monks and nuns originally from Serthar have reportedly been barred from remaining at Larung Gar and ordered to relocate to their local monasteries.
The latest measures follow a renewed demolition drive that began around
July 13, 2026.
Chinese authorities have justified the operation by claiming that the institute contains an excessive number of residential structures, creating safety concerns, and that the monastic population has grown beyond acceptable limits. Demolition crews have already torn down numerous residences, with the campaign continuing.
The current plan calls for the demolition of 1,060 monastic residences. Those whose quarters have been destroyed are no longer permitted to remain at Larung Gar and are being forcibly removed in successive groups.
Security restrictions across the academy have also been significantly tightened. Monks, nuns, and local residents are reportedly under heightened surveillance, while pilgrims and visitors from other areas are being prevented from entering the institute as authorities enforce stricter controls.
A source familiar with the developments told TT that Chinese authorities had initially planned to demolish the area surrounding Gyutrul Temple within the academy. However, monastery representatives reportedly appealed against the proposal, warning that such demolition would jeopardise the temple, the main assembly hall, and the circumambulation route. Following those representations, the authorities altered the plan and instead targeted the Joser residential quarters situated between the living areas of monks, nuns, and lay practitioners.
Larung Gar has been the target of repeated demolition campaigns over the past two decades. Chinese authorities carried out large-scale demolitions in 2001, 2016, and 2019, citing overcrowding and the absence of legally required construction permits. Those campaigns were also accompanied by stringent quotas on the resident monastic population and the forced removal of thousands of monks and nuns, particularly those who had travelled from other Tibetan regions to pursue Buddhist studies.
The 2019 demolition campaign also drew international attention after reports emerged that a nun, Tsering Dolma, died by suicide after leaving a final message describing how sustained state repression had driven her to despair.
Larung Gar, founded in 1980 by the late Khenpo Jigme Phuntsok, has long served as one of the most influential centres for the study of Tibetan Buddhism, attracting monks, nuns, and lay practitioners from across Tibet, China, and abroad. Human rights organisations and Tibetan groups have repeatedly criticised successive demolition campaigns and expulsions at the institute, arguing that they form part of broader efforts by the Chinese government to tighten control over Tibetan religious institutions and curtail independent monastic education.
The post
China orders eviction of monastics amid new demolition drive at Larung Gar
appeared first on
Phayul
."
8,phayul,english,TYC to open dedicated office in New York to counter Chinese disinformation on martyr Lobga Rangzen,Phayul Newsdesk,"Mon, 27 Jul 2026 20:24:42 +0000",https://phayul.com/tyc-to-open-dedicated-office-in-new-york-to-counter-chinese-disinformation-on-martyr-lobga-rangzen/,3797,"Tenzin Nyidon
DHARAMSHALA, July 27:
As its Global Chain Hunger Strike entered its ninth day on Monday, the Tibetan Youth Congress (TYC), the largest pro-independence Tibetan organisation in exile, announced a new international campaign to counter what it described as Chinese disinformation surrounding the self-immolation of Tibetan independence activist Lobga Rangzen.
Addressing the media, TYC General Secretary Tenzin Lobsang said the organisation will establish a dedicated office in New York as part of its expanded advocacy efforts. The office will be led by former TYC Executive Committee members Dhondup Lhadar and Lamsang and will coordinate initiatives aimed at challenging disinformation and amplifying the Tibetan perspective internationally.
Calling for broad community participation, Lobsang urged Tibetans from all walks of life—including scholars, writers, researchers, artists, filmmakers, students, journalists, professionals, social media creators, and concerned citizens—to contribute through research, writing, public engagement, artistic works, videos, and advocacy.
He alleged that the Chinese government has been circulating false narratives portraying Lobga Rangzen as an unemployed individual whose sacrifice should not be taken seriously, while also depicting him as a product of Tibet’s former “feudal serfdom” system. The newly established office, he said, will serve as a platform to challenge such claims and ensure that the circumstances surrounding Lobga Rangzen’s sacrifice are accurately documented and remembered.
TYC Vice President Tashi Targyal stated that the movement, which originated in Dharamshala, has quickly evolved into a global campaign. Under the guidance of the organisation’s Central Executive Committee, solidarity hunger strikes and demonstrations have already been organised in Dalhousie, Kalimpong, Dekyiling, Kullu, Odisha, Rajpur, Tenzingang, and several other Tibetan settlements, with additional chapters and communities continuing to join the initiative.
“The Tibetan Youth Congress will continue to expand this Worldwide Chain Protest until the United Nations responds,” the organisation said in a statement. “We urge governments, international institutions, media organisations, and people of conscience across the world to pay attention, engage with the facts, and stand with the Tibetan people’s right to preserve their identity, dignity, and future.”
The initiative which began in Dharamshala on July 19, has so far drawn the participation of 64 individuals who sat for a one-day hunger strike on a rolling basis. On Monday, members of the Tibetan Market Association joined the relay hunger strike outside the Tibetan Market near the Main Tibetan Temple in McLeod Ganj, Dharamshala, in a show of solidarity with the ongoing campaign.
Members of the Tibetan Market Association participate in the relay hunger strike in Dharamshala on July 27, 2026 (Phayul photo)
The announcement comes a week after the TYC launched its Global Chain Hunger Strike following Lobga Rangzen’s self-immolation outside the United Nations Headquarters in New York on July 2. Through the worldwide campaign, the organisation has put forward five key demands. These include a formal and substantive response from the United Nations to the circumstances surrounding Lobga Rangzen’s self-immolation; the repeal of China’s so-called “Ethnic Unity and Progress Law”; international recognition of Tibet’s historical status and right to independence; accountability for China’s policies and alleged repression in Tibet; and the immediate and unconditional release of Tibetan political prisoners, including the 11th Panchen Lama.
The post
TYC to open dedicated office in New York to counter Chinese disinformation on martyr Lobga Rangzen
appeared first on
Phayul
."
9,phayul,english,Senior Chinese leader calls for full implementation of ethnic unity law during Tibet visit,Phayul Newsdesk,"Fri, 24 Jul 2026 18:10:34 +0000",https://phayul.com/senior-chinese-leader-calls-for-full-implementation-of-ethnic-unity-law-during-tibet-visit/,3490,"Tenzin Nyidon
DHARAMSHALA, July 24:
Senior Chinese Communist Party (CCP) leader Wang Huning has called for the full implementation of China’s newly enacted “Ethnic Unity and Progress Law” during a four-day inspection tour of Tibet, while also urging local authorities to deepen the Sinicisation of Tibetan Buddhism and strengthen social governance in line with Beijing’s assimilation agenda.
Wang, a member of the CCP’s seven-member Politburo Standing Committee and chairman of the National Committee of the Chinese People’s Political Consultative Conference, visited Lhasa and Ngari Prefecture, an area bordering India and Nepal, from July 19 to 22. The visit comes just weeks after the Ethnic Unity and Progress Law came into force on 1 July, signalling Beijing’s determination to accelerate the implementation of legislation widely viewed as providing a legal basis for deeper assimilation, intensified ideological oversight, and expanded security governance across Tibet.
Throughout the visit, Wang reiterated Beijing’s longstanding governing principle that “to govern Tibet is foremost to stabilise Tibet.” He called on local authorities to preserve what he described as a political and social environment of unity and stability while ensuring the full implementation of the new ethnic unity legislation.
During a visit to a Tibetan Buddhist monastery, Wang renewed calls to “systematically promote the Sinicisation of religion,” stressing that Tibetan Buddhism must be further aligned with socialist values and the ideological priorities of the Chinese Communist Party.
“We must ensure the effective implementation of the Law on Promoting Ethnic Unity and Progress, improve the ability and level of governing ethnic affairs according to law, and promote the spirit of ethnic unity and progress in all areas of development. In accordance with the requirements of systematically promoting the Sinicisation of religion in our country and strengthening the rule of law in religious affairs, we must continuously guide Tibetan Buddhism to adapt to socialist society,” Wang said during the tour, according to Chinese state media.
State media also showed Wang examining a Ming dynasty imperial eulogy to the Buddhist canon, a historical artefact frequently invoked by Beijing to bolster its narrative that Tibet and Tibetan Buddhism have long been integral to successive Chinese dynasties and, by extension, the Chinese state.
Wang’s remarks come amid intensifying international criticism of China’s newly implemented ethnic unity law. In recent weeks, lawmakers and government representatives in the United States and the European Union have issued statements condemning the legislation, warning that it institutionalises forced assimilation under the guise of national unity and grants authorities sweeping powers to curb activities deemed harmful to “ethnic unity” or supportive of “separatism.”
Exile Tibetan leaders and advocacy groups have echoed those concerns, arguing that the law codifies assimilationist policies that threaten Tibet’s distinct cultural, linguistic, and religious identity while extending Beijing’s control over other non-Han regions. They contend that the legislation marks another significant step in China’s broader campaign to reshape Tibet and other occupied regions’ identities through legal, political, and ideological mechanisms.
The post
Senior Chinese leader calls for full implementation of ethnic unity law during Tibet visit
appeared first on
Phayul
."
10,phayul,english,Chinese Ambassador expresses dismay over seminar on Tibetan studies in Kathmandu,Phayul Newsdesk,"Thu, 23 Jul 2026 15:03:30 +0000",https://phayul.com/china-flags-concerns-over-upcoming-seminar-on-tibetan-studies-in-kathmandu/,3128,"Tenzin Nyidon
DHARAMSHALA, July 23:
Chinese Ambassador to Nepal Zhang Maoming has expressed concern over the upcoming 17th Seminar of the International Association for Tibetan Studies (IATS), a leading international academic conference scheduled to take place in Kathmandu from August 23 to 29.
According to reports, Ambassador Zhang raised the matter during a meeting with Nepal’s Foreign Secretary, Amrit Bahadur Rai, on Tuesday. He reportedly conveyed Beijing’s concerns that the conference could become a platform for activities or statements that China regards as politically sensitive, particularly those relating to Tibet and the Tibetan spiritual leader, His Holiness the Dalai Lama.
The envoy reportedly urged the Nepali authorities to ensure that the seminar remains strictly within the realm of academic inquiry and is not used as a forum for political expression. While no formal diplomatic protest or request to cancel the event has been made, the concerns were conveyed verbally as part of ongoing diplomatic exchanges between the two countries.
Observers suggest that Beijing’s unease may have been heightened after the Nepali government permitted Tibetan refugees to publicly celebrate the 91st birthday of His Holiness the Dalai Lama earlier this month—an event that has traditionally faced official restrictions in Nepal.
Responding to the concerns, the seminar organizers rejected suggestions that the gathering carries a political agenda. “It’s not a pro-Dalai Lama event. A large number of Chinese professors and scholars are also attending. The Chinese Embassy is aware of the seminar. We have informed the relevant government agencies as well,” Prof. Sagar Sharma of Kathmandu University told
The Kathmandu Post.
Organizers emphasized that the International Association for Tibetan Studies is an independent academic organization dedicated to advancing scholarship on Tibetan history, language, religion, philosophy, literature, art, and culture. They stressed that the seminar is intended to foster rigorous academic dialogue and facilitate the exchange of research among scholars from across the globe.
The week-long conference is expected to attract hundreds of researchers and academics from nearly 40 countries, including participants from China. It will be jointly hosted by the Himalaya Centre for Asian Studies (HiCAS) at Kathmandu University and the Kathmandu University Centre for Buddhist Studies at Rangjung Yeshe Institute (KU-CBS at RYI). According to the IATS website, the seminar is being convened by Prof. Sagar Sharma of HiCAS and Prof. Thomas Doctor of KU-CBS at RYI.
Founded at the University of Oxford in 1979, the International Association for Tibetan Studies is a non-political scholarly organization devoted to promoting research on Tibetan history, religion, linguistics, literature, philosophy, and the arts. Its seminars, held every three years in different host countries, are widely regarded as the foremost international forum for academic research on Tibet.
The post
Chinese Ambassador expresses dismay over seminar on Tibetan studies in Kathmandu
appeared first on
Phayul
."
11,phayul,english,"China imposes heavy security, tightens surveillance in Lobga Rangzen’s hometown",Phayul Newsdesk,"Thu, 23 Jul 2026 14:41:23 +0000",https://phayul.com/china-imposes-heavy-security-tightens-surveillance-in-lobga-ranzgens-hometown/,2907,"Tenzin Nyidon
DHARAMSHALA, July 23:
Chinese authorities have reportedly imposed sweeping security measures in the Lower Zako region in Ganzi (Kardze) Tibetan Autonomous Prefecture, Kham, the hometown of late Tibetan independence activist Lobga Rangzen, according to information obtained by Phayul from a member of the Sino-Tibet dialogue platform Lhasa Spring, who requested anonymity due to security concerns.
The source told Phayul that armed personnel from China’s National Security and Public Security agencies have maintained a heavy presence in the area since early July, with residents’ movements and communications have been placed under strict restrictions. The situation has left the township under intense surveillance, while local people are reportedly living under constant monitoring and fear amid the continued security crackdown.
Earlier this month,
Lobga Rangzen
set himself on fire in front of the United Nations Headquarters in New York and later succumbed to his injuries. A Tibetan refugee based in New York, he worked as a taxi driver. He escaped to exile in India in 1992, where he later pursued monastic studies at Ganden Monastery in southern India. His entire family still resides in Tibet.
According to the source, security forces, including personnel from China’s National Security and Public Security agencies, entered the area shortly after July 2, following Lobga Rangzen’s self-immolation. Since then, the village has remained under heightened surveillance, with residents subjected to stringent controls aimed at preventing any potential unrest.
“The area has been controlled tightly,” the source told Phayul. “We are trying to establish contact with them.” The source added that fear has spread among local residents, making it nearly impossible to obtain information about Lobga Rangzen’s family members and relatives.
“For his family, we don’t know what has happened,” the source said. “Local people are afraid to visit them. They told me they don’t even dare to call them because they are being guarded and are under the watch of National Security.”
As of publication, the whereabouts and condition of Lobga Rangzen’s family members remain unknown. The source said efforts to reach them have so far been unsuccessful due to the extensive security restrictions imposed in the area.
The reported security crackdown reflects a pattern frequently documented by rights groups, in which Chinese authorities intensify surveillance and impose collective restrictions on the family members and hometowns of Tibetans who engage in political activism abroad. While the precise situation facing Lobga Rangzen’s family could not be independently verified, sources indicate that the area remains under tight security, with communications and travel severely curtailed.
The post
China imposes heavy security, tightens surveillance in Lobga Rangzen’s hometown
appeared first on
Phayul
."
14,phayul,english,Dalai Lama congratulates Andy Burnham on becoming UK Prime Minister,Phayul Newsdesk,"Tue, 21 Jul 2026 15:49:25 +0000",https://phayul.com/dalai-lama-congratulates-andy-burnham-on-becoming-uk-prime-minister/,3010,"Tenzin Nyidon
DHARAMSHALA, July 21:
Tibetan leader His Holiness the 14th Dalai Lama has written to Andy Burnham to congratulate him on assuming office as the Prime Minister of the United Kingdom, extending his best wishes and expressing hope that his leadership will contribute to peace, compassion, and international cooperation during a period of global uncertainty.
In his congratulatory message, the Tibetan spiritual leader emphasised that the world is currently facing profound challenges that demand collective action and responsible leadership. Recalling the United Kingdom’s longstanding role on the international stage, he expressed confidence that Prime Minister Burnham would not only work for the welfare and prosperity of the British people but also collaborate closely with other nations to address pressing global issues.
The nonagenarian leader also reflected on the enduring relationship between Tibetans and the United Kingdom, describing it as historic and distinctive. “As you may be aware, we Tibetans have long enjoyed a historic and unique relationship with your country,” he wrote. “During my several visits there, I have deeply appreciated the warmth extended to me by people from all walks of life, as well as their support for my efforts to promote human values, nonviolence, and interfaith harmony.”
Concluding his message, His Holiness wished the new British leader success in fulfilling the hopes and aspirations of the British people while contributing to a more peaceful and compassionate world.
Andy Burnham assumed office as the Prime Minister of the United Kingdom on July 20, 2026, succeeding Keir Starmer, who stepped down following mounting domestic political pressures and the Labour Party’s disappointing performance in local elections. Burnham has pledged to prioritize a policy agenda centered on devolving greater powers to local authorities, revitalizing regional industries, and tackling the country’s persistent cost-of-living crisis.
Burnham secured the Labour Party leadership in a decisive internal contest, earning overwhelming backing from Labour Members of Parliament. With Labour commanding a parliamentary majority, his election as party leader automatically elevated him to the premiership, eliminating the need for a nationwide general election. His appointment makes him the seventh individual to occupy 10 Downing Street within the past decade.
Before becoming Prime Minister, Burnham served as the widely respected Mayor of Greater Manchester from 2017 to 2026. He returned to the House of Commons in June 2026 as the Member of Parliament for Makerfield after winning a by-election, a move that positioned him to contest the Labour leadership. Earlier in his political career, he held several senior Cabinet portfolios under former Prime Ministers Tony Blair and Gordon Brown, including serving as Secretary of State for Health from 2009 to 2010.
The post
Dalai Lama congratulates Andy Burnham on becoming UK Prime Minister
appeared first on
Phayul
."
15,phayul,english,"Two Tibetan youth trafficked to Myanmar in fake job scam, families face ransom demand",Phayul Newsdesk,"Tue, 21 Jul 2026 15:42:57 +0000",https://phayul.com/two-tibetan-youth-trafficked-to-myanmar-in-fake-job-scam-families-face-ransom-demand/,2369,"Tenzin Nyidon
DHARAMSHALA, July 21:
Two young Tibetan men from Palyul County in Kardze, eastern Tibet, have reportedly been trafficked into a Chinese-run cyber scam compound in Myanmar after being lured by fraudulent job offers, according to the Dharamshala-based Tibetan radio station, Voice of Tibet (VoT).
The criminal network has now demanded a ransom exceeding 500,000 yuan (approximately US$73,000) from their families, threatening that failure to pay would mean the two men would not be released alive.
A source familiar with the incident said the scam primarily targets educated young people, particularly recent university graduates seeking employment. Recruiters allegedly entice victims with promises of high-paying jobs before funnelling them into criminal networks operating in Myanmar.
The two young men were allegedly deceived by a Tibetan woman who assured them they would receive attractive salaries and perform relatively easy work. She reportedly escorted them to Yunnan Province, where they were handed over to operators of a Chinese-run cyber scam compound in Myanmar.
The case reflects a broader trafficking network that has expanded rapidly in recent years. Chinese-run cyber scam syndicates have reportedly recruited and deceived thousands of young people from countries including India, Nepal, China, and Vietnam before transporting them to scam compounds along Myanmar’s border.  Victims are often deceived with offers of well-paid technology or office-based jobs before being trafficked across borders and forced to participate in online fraud operations. Once inside these compounds, victims are reportedly subjected to coercion, harsh living conditions, and forced to carry out online financial fraud while their families face extortion demands.
The two Tibetans recently fell victim to such a scheme, triggering deep concern among their families and members of the Tibetan community familiar with the case.
The latest case involving the two young Tibetans highlights the increasing sophistication of cross-border trafficking networks that exploit the aspirations of young job seekers through deceptive recruitment, only to subject them to exploitation and extortion once they arrive in Myanmar’s cyber scam compounds.
The post
Two Tibetan youth trafficked to Myanmar in fake job scam, families face ransom demand
appeared first on
Phayul
."
80,tibetnet,english,Tibet House Japan Starts Three-Month Tibetan Language Class,Ngawang Tsepak,"Mon, 03 Aug 2026 11:20:11 +0000",https://tibet.net/tibet-house-japan-starts-three-month-tibetan-language-class-3/,288,"Tokyo: Tibet House Japan started its three-month Tibetan language class on 1 August 2026, at the Tibet House office and online. The language class is aimed at helping introduce Tibetan language, culture, and history to the interested participants.

-Report filed by Office of Tibet, Japan"
81,tibetnet,english,Public Service Commission Begins Tibetan Language Workshop for CTA Settlement Office Secretaries,Palden Choedon,"Mon, 03 Aug 2026 11:18:49 +0000",https://tibet.net/public-service-commission-begins-tibetan-language-workshop-for-cta-settlement-office-secretaries/,3953,"Sarah: The Public Service Commission of the Central Tibetan Administration (CTA) inaugurated a ten-day Tibetan Language Workshop for Tibetan Settlement Office staff this morning at College for Higher Tibetan Studies (CHTS), Sarah. The workshop has brought together 21 CTA officials currently serving as office secretaries in various Tibetan settlement offices in India and Nepal.

The inaugural ceremony was attended by Public Service Commissioner Karma Yeshi as the chief guest. Also present were CHTS Principal Passang Tsering, Public Service Commission Secretary Tenzin Legdup, and the workshop instructors, who are faculty members of the college. The programme commenced with the lighting of the traditional ceremonial butter lamp by Commissioner Karma Yeshi and Principal Passang Tsering.

Following the inauguration, the participating CTA officials introduced themselves, sharing their respective settlement offices and providing the gathering with an overview of their backgrounds.

Passang Tsering, Principal of CHTS, addressed the participants by highlighting the improvements made to the workshop facilities, the minor revisions to the course structure, and introducing the new batch of college faculty members assigned to conduct the sessions.

He underscored the importance of teaching and learning Tibetan history, noting the growing challenge posed by false narratives promoted by some Western Tibetologists. He stressed that individuals should be well-equipped with an accurate understanding of Tibetan history so they can confidently explain and uphold the truth whenever the need arises.

Speaking about the workshop’s objectives, he states that the Tibetan Language Workshop for Tibetan Settlement Offices is specifically designed to strengthen participants’ Tibetan language proficiency in relation to their current professional responsibilities. Unlike courses intended to prepare candidates for the CTA Civil Service Entrance Examination, the workshop aims to support the continuous development of Tibetan language skills throughout participants’ careers.

Public Service Commissioner, Karma Yeshi, emphasised that learning is a lifelong pursuit, drawing on the Buddhist belief that knowledge and wisdom benefit an individual not only in this life but also in future lives. He stressed the enduring value of continuous learning and self-improvement.

He spoke about the CTA staff Training Policy, which provides training at three different stages of a civil servant’s career. In this context, he highlighted the importance of Tibetan language proficiency, particularly in drafting official correspondence, and urged participants to pay close attention to the nuances of formal writing and avoid Tibetan spelling errors.

Encouraging participants to make the most of the programme, he urged them to reflect on what they had learned and assess how much they had improved by the end of the workshop. He also stressed the importance of overall personal development, including maintaining good handwriting, noting that such qualities are especially significant for settlement office secretaries and reflect both professionalism and personal discipline.

He further encouraged participants to openly share the experiences and challenges they encounter in their respective settlements among each other and to actively engage with the faculty by seeking clarification whenever they had questions or doubts.

Concluding his address, Karma Yeshi reflected on the current challenges facing the Tibetan cause and His Holiness the Dalai Lama’s advancing age. He reminded CTA civil servants to remain mindful of the sacrifices made by Tibetans, while encouraging them to take care of their health, preserve Tibetan culture and language, and carry out their responsibilities with dedication.

The ten-day workshop will comprise a total of 52 sessions covering Tibetan history, Tibetan grammar, official letter writing, lexicography, and phonetics."
82,tibetnet,english,Tibetans and Japanese Observe Unite for Tibet and Global Day of Action to Honour Martyr Lobga Rangzen in Tokyo,Palden Choedon,"Mon, 03 Aug 2026 11:15:27 +0000",https://tibet.net/tibetans-and-japanese-observe-unite-for-tibet-and-global-day-of-action-to-honour-martyr-lobga-rangzen-in-tokyo/,4461,"Tokyo: The Students for Free Tibet Japan and the Tibetan Community in Japan organised a function and peace march yesterday to observe the Global Day of Action to remember and honour Martyr Lobsang Palden (Lobga Rangzen), who self-immolated before the United Nations building a month ago. Tibetans and Japanese supporters gathered at Jingu-dori Park carrying Tibetan national flags and posters of Lobsang Palden.

Dr. Tsewang Gyalpo Arya, Representative of the Liaison Office of H.H. the Dalai Lama for Japan and East Asia, briefed the participants on what this Global Day of Action is about and how Martyr Lobsang Palden self-immolated to protest the Chinese Ethnic Unity and Progress Law and to draw the United Nations and the international community’s attention to the Chinese heinous intention behind this Ethnic Unity Law. He urged all to remember Martyr Lobsang Palden’s words and protest the Ethnic Unity Law and the injustices happening in China and the occupied regions of Tibet, East Turkistan, Southern Mongolia and other regions.

Dorjee Shiota of the Tibetan Community in Japan and Tsering Dorjee of Students for Free Tibet Japan thanked the participants and called on all Tibetans to unite and work to fulfill the last wishes of Martyr Lobsang Palden by keeping the issue of Tibet alive. Tenzin Chodon of the Students for Free Tibet read the biography of Martyr Lobsang Palden.

After the function, the participants started the Peace March from Jingu-dori Park and marched around the busy Shibuya street, raising slogans for freedom and justice for Tibet, asking the United Nations to take action and urge the CCP regime to repeal the repressive law and send a fact-finding delegation to Tibet.

In the afternoon, a film show and panel discussion on the Self-immolation and the Ethnic Unity Law were organised at Tokyo University Komaba Complex. A two-hour 2015 documentary film “Lungta”, directed by Ikeya Kaoru, was screened, in which the Tibetans’ struggle in Tibet and in exile and the life story of some self-immolators were delineated. Director Ikeya, during the panel discussion, talked about his experience in working with the Tibetans and the compassionate culture of Tibet. He lamented that the Tibet issue has not received much attention lately and the Tibetans are forced to self-immolate to draw the international community’s attention.

Prof Ako Tomoko of the University of Tokyo moderated the panel discussion and talked about how Lobga Rangzen committed self-immolation before the UN building. She urged the international community to pay attention and do more in resolving the problems the Tibetans, Uyghurs, Southern Mongolians and other minority nationals are facing under the CCP regime.

Representative Dr. Tsewang Gyalpo Arya thanked the Director Ikeya and Nakahara for the film in which Tibetan struggle and self-immolation aspects have been conveyed succinctly. He thanked Prof. Ako for her cooperation in making this film and panel discussion possible at the university. Representative Arya briefly explained why Tibetans are forced to commit self-immolation and why Martyr Lobga Rangzen burnt himself before the United Nations building. He said the worsening human rights and religious repression in Tibet, and the silence of the international community and the implementation of China’s Ethnic Unity and Progress law as major reasons that forced Lobga Rangzen to self-immolate to protest the CCP regime and to draw the United Nations’ attention.

Tsering Dorjee of the Students for Tibet Japan spoke about China’s colonial boarding schools and how more than one million Tibetan children are forced into these boarding schools for indoctrination in communist ideology and are deprived of education in their mother tongue and religious culture.

Fujita Yoko of the Students for Free Tibet emceed the event. Participants posed many questions to the panels on: Ethnic Law, the situation in Tibet and other occupied nationals, colonial boarding schools, India and China relations, the Tibetan middle way approach, and so on. The film screening and the panel discussion took around four hours, exceeding the time limit. Around two hundred people participated in the event at Tokyo University.

Information booklets on the colonial boarding schools, Chinese interference in the selection of H.H. the Dalai Lama’s reincarnation, and Tibetan bulletins were distributed to the audience.

-Report filed by the Office of Tibet, Japan"
83,tibetnet,english,43rd Tibetan Terminology Standardising Board Meeting Finalises 560 Standard Terms,Ngawang Tsepak,"Mon, 03 Aug 2026 06:30:00 +0000",https://tibet.net/43rd-tibetan-terminology-standardising-board-meeting-finalises-560-standard-terms/,1122,"Dharamshala: The Tibetan Terminology Standardising Board held its 43d meeting for six days from 27 July to 1 August 2026, at the Department of Education, Central Tibetan Administration.

Additional Secretary Kunga Gyaltsen from the Department of Education, the president of the Tibetan Terminology Standardising Board, along with board members Geshe Ngawang Namdol,MenrampaSonam Dolkar Oshoe, former TCV English teacher Tenzin Dargye,former director of the Library of Tibetan Works and Archives’ science department Karma Thubten,the secretary and a member of the Committee Urgyen Tenzin, and the Terminology section staff attended this meeting.

Over the course of this meeting,a total of560 terms were finalised from the list of 700 proposed terms for application in Science, Education, Law, Politics, Economics,Accounting, Environment, and Technology.

The Term Book series, up to volume 19, has been published, and a dedicated website for searching terms(www.tibterminology.net), along with application software, has been developed.

This meeting was supported by DANIDA.

– Report filed by Department of Education, CTA"
84,tibetnet,english,Department of Education Announces 13th Essay Writing Competition for School Teachers and Students,Dawa Tsering,"Mon, 03 Aug 2026 05:35:04 +0000",https://tibet.net/department-of-education-announces-13th-essay-writing-competition-for-school-teachers-and-students/,419,"Dharamshala: With the objective of promoting the exchange of ideas and experiences among teachers, while also nurturing students’ interest and enthusiasm for essay writing, the Department of Education, Central Tibetan Administration, is pleased to announce the 13th Annual Essay Writing Competition and invites eligible participants to take part.

For detailed information, please refer to theTibetan announcementbelow."
85,tibetnet,english,Members of Parliament Geshe Lharampa Atuk Tseten and Lharong Successfully Complete Their Official Visit to Delhi,Dawa Tsering,"Mon, 03 Aug 2026 05:21:31 +0000",https://tibet.net/members-of-parliament-geshe-lharampa-atuk-tseten-and-lharong-successfully-complete-their-official-visit-to-delhi/,3118,"Dharamshala: As part of the program of the 18th Tibetan Parliament-in-Exile, Parliamentarians Geshe Lharampa Atuk Tseten and Lharong successfully concluded their official visitation program with their final program in Delhi from 28 to 30 July, 2026.

On the morning of July 30 at 9:30 AM, the two Parliamentarians departed from Samyeling, Delhi, and visited the Bureau of His Holiness the Dalai Lama in Delhi. Upon arrival, Representative Jigme Tsering, the Secretary, and other staff members extended a warm welcome and presented a briefing on the office’s operations. The Parliamentarians first expressed their congratulations to the newly appointed Representative. They then provided guidance emphasizing the general status of the Indian Registration Certificate (RC) and the Identity Certificate (IC), stressing the need to exercise strict attention and diligence regarding these two documents, particularly for Tibetans residing in South India and Dharamshala.

At 12:30 PM, the Parliamentarians paid visits to local religious centers including Jangtse Lhamo Khang, Jangchup Lhakhang, and Drepung Ngagpa Dratsang, as well as administrative offices such as the Local Assembly, the Tibetan Medical & Astro-Institute, the Regional Tibetan Freedom Movement (BRDL), and the local Health Clinic. Later in the afternoon, they visited the Central Executive Office of Dokham Chushi Gangdruk, where General Secretary Karma Samdup and Treasurer Geshe Tenzin Ngodup introduced their ongoing initiatives aligned with the guidance of His Holiness the Dalai Lama before guiding a tour of the Heroes Memorial Hall.

At 5:00 PM, a public gathering was convened at the Samyeling Local Assembly Hall, Geshe Lharampa Atuk Tseten spoke on  the vast accomplishments of His Holiness the Dalai Lama, international geopolitics, and the unifying inspiration of patriot Rangzen Lobga self-immolation. He highlighted the nationwide support and campaigns sparked by this noble act of sacrifice, urging everyone across the three traditional provinces and religious sects to stand united and continue advocating for the Tibetan cause in accordance with the martyr’s hopes. While Parliamentarian Lharong addressed the critical situation inside Tibet, the official resolution of solidarity passed unanimously during the 1st session of the 18th Tibetan Parliament-in-Exile regarding the grave conditions in Tibet, and the critical dangers law posed by the Chinese Communist Government’s so-called “Ethnic Unity and Progress Law” which was enforced starting 1 July, 2026, designed to eradicate Tibet’s distinct religion, culture, language, and national identity, along with strategies to counter these policies.

Following the speeches, an open Q&A session was held. The Parliamentarians provided detailed responses and clarifications to questions and views expressed by the attendees, successfully concluding the gathering.

In the evening, 26 local associations hosted a farewell dinner for the visiting delegates, marking the official conclusion of all programs scheduled for the Delhi visit.

– Report filed by Tibetan Parliamentary Secretariat"
86,tibetnet,english,Parliamentarians Dawa Tsering and Dawa Tsering Bari to Visit South India,Dawa Tsering,"Mon, 03 Aug 2026 05:16:02 +0000",https://tibet.net/parliamentarians-dawa-tsering-and-dawa-tsering-bari-to-visit-south-india/,627,"Dharamshala: As part of the official program of the 18th Tibetan Parliament-in-Exile, Parliamentarians Dawa Tsering and Dawa Tsering Bari are scheduled to visit Dikyi Larsoe Settlement, Bylakuppe in South India, and areas under the jurisdiction of the Chief Representative Office of South Zone in Bangalore from 5 to 13 August 2026.

On 5 August, the parliamentarians will depart from Dharamshala to Delhi and travel to Bangalore on the next day. From 6-7 August, they will have engagements in Bangalore, and leave for Bylakuppe on 9 August, and have program there until 13 August.

– Filed by Tibetan Parliamentary Secretariat"
87,tibetnet,english,A Global Appeal- Open letter from the Tibetan Parliament-in-Exile On the People’s Republic of China’s Ethnic Unity and Progress Law,Dawa Tsering,"Mon, 03 Aug 2026 03:53:46 +0000",https://tibet.net/a-global-appeal-open-letter-from-the-tibetan-parliament-in-exile-on-the-peoples-republic-of-chinas-ethnic-unity-and-progress-law/,2567,"A Call to Defend Human Rights, Cultural Diversity, Religious Freedom, and the Peaceful Resolution of the Tibet-China Conflict

To: Heads of State and Government, Parliamentary Leaders and Members, the United Nations, Human Rights Organizations, Religious and Interfaith leaders and Friends of Tibet.

The Tibetan Parliament-in-Exile the democratically elected legislative institution representing the Tibetan people across the globe calls to act with urgency in response to the People’s Republic of China’s Ethnic Unity and Progress Law, which came into force on 1 July 2026. Presented as a measure to promote “national unity,” this law deepens policies that threaten the Tibetan people’s language, religion, culture, identity, and fundamental human rights.

The gravity of this moment was tragically underscored by the sacrifice of Tibetan activist Lobga Rangzen, who died after setting himself on fire outside the United Nations Headquarters in New York on 2nd July 2026. His final appeal was for a free Tibet where Tibetans can live with dignity, freedom, and the protection of their fundamental rights.

We respectfully call upon governments, parliaments, the United Nations, and the international community to:

A Defining Test of the International Human Rights System

The implementation of the Ethnic Unity and Progress Law is not solely a Tibetan concern. It is a test of the international community’s commitment to protecting cultural diversity, freedom of religion or belief, linguistic rights, minority protections, and the rule of international human rights law.

When the identity of a people is threatened, the principles upon which the international human rights system is built are also put at risk.

The Tibetan people’s struggle has always been guided by truth, compassion, and non-violence. We believe that silence in the face of injustice only emboldens oppression. We therefore urge the international community to stand with the Tibetan people in defending human dignity, religious freedom, cultural diversity, and the universal values that unite us all.

Lasting peace cannot be achieved through forced assimilation. Lasting unity cannot be built by erasing identity. A stable and harmonious future can only be founded on respect for human dignity, cultural diversity, religious freedom, and meaningful dialogue

The future of Tibet should be shaped through dialogue—not assimilation; through justice—not coercion.

Dolma Tsering TeykhangDated: 1 August 2026SpeakerTibetan Parliament-in-ExileGangchen Kyishong, DharamshalaHimachal Pradesh, India"
88,tibetnet,english,The Tibetan Institute of Performing Arts Concludes 4th Summer Tibetan Performing Arts Training Programme,Ngawang Tsepak,"Sat, 01 Aug 2026 05:25:54 +0000",https://tibet.net/the-tibetan-institute-of-performing-arts-concludes-4th-summer-tibetan-performing-arts-training-programme/,3181,"Dharamshala: The Tibetan Institute of Performing Arts (TIPA) held the closing ceremony of its 4th Summer Tibetan Performing Arts Training Programme this morning at 10:30 a.m. in the institute’s auditorium. Secretary of the Department of Education Karma Choeying attended the ceremony as the chief guest. The event was also attended by the parents and family members of the participating students, along with TIPA staff members.

At the opening ceremony, the TIPA Director,Dhundup Tsering,welcomed the Chief guest and all the students, parents, and family members who had come specially from abroad to attend the closing ceremony. He spoke about TIPA’s objectives and noted that interest in Tibet’s unique performing arts among young Tibetans living abroad has been growing steadily. Since 2023, this training has been organised to coincide with the summer holidays of young Tibetans raised abroad. What began with around thirty students has now reached its fourth summer training programme.

During the training, teachers dedicated their full effort to teaching the students the Tibetan language as well as Tibetan opera arts, musical instruments, dance, and folk songs. Students were also encouraged to carry forward and promote Tibetan performing arts and their own identity when they return to their residence. Following this, the students who took part in the training performed around twelve different pieces, including song and dance performances, instrumental music, and traditional folk songs.

On this occasion, Chief guest Secretary Karma Choeying presented certificates and ceremonial scarves (khatags) to all the students who successfully completed the training programme. Addressing the gathering, he said it was encouraging to see the students show such keen interest in learning Tibetan performing arts and commended the parents for their unwavering support.

He also expressed appreciation to the TIPA instructor for their month-long commitment, under the Institute’s guidance, worked diligently for a month to teach the students song, dance, and instrumental performance, resulting in today’s excellent presentation. He noted that this work constitutes the preservation of Tibetan culture.

Referring to the challenges facing Tibet under Chinese rule, he stressed that safeguarding Tibetan religion, language, and culture remains essential to preserving Tibetan identity.

He also cited His Holiness the 14th Dalai Lama’s quoting “hold on to hope while preparing for hardship”, noting that the Tibetan struggle is a shared responsibility. He said the responsibility for protecting Tibetan identity rests with every Tibetan, and that instilling the language, religion, and culture passed down from their ancestors into the hearts of young Tibetans must begin at home — if parents speak to their children in Tibetan and cultivate this habit, Tibetan identity can be protected and preserved.

The month-long training programme, organised by TIPA from1 July to 1 August 2026to coincide with the summer holidays of young Tibetans living abroad, concluded successfully, marking the completion of its fourth edition.

-Report filed by Tibetan Institute of Performing Arts"
4,tibetpost,english,15 Tibetans begin peace march to raise human rights concerns in Tibet - Tibet Post International,,2026-06-12T00:00:00+00:00,https://www.thetibetpost.com/news/exile/15-tibetans-begin-peace-march-to-raise-human-rights-concerns-in-tibet,12847,"Tibet has a rich history as a sovereign nation until the 1950s when it was invaded by China. [Photo: File]

Where is Tibet located on a map?

Lama turns to iPhone to spread app-ness. Photo: Hürriyet Daily News

""2008 Uprising Experiences: Roar of truth at the cost of one’s life,"" launched Dharamshala, on June 12, 2026. Photo: TPI

left: Tsering Choephel, Vijay Kranti and Tenzin Tsundue launching the book ""China's Colonial Game in Tibet"" in Dharamshala, March 6, 2026. Photo: TPI

Central Tibetan Administration commemorates the 67th National Uprising of Tibet in the Dharamshala, on March 10, 2026. Photo: TPI

Tibet Museum organised an exhibition titled ""Frontier Diplomacy: Britain, Tibet, and Sir Basil Gould"" at the Tibet Museum Dharamshala) on April 3, 2026. Photo: TPI

Tibetan community of Switzerland and Liechtenstein launched a week of peaceful rally and solidarity walk from the Swiss Federal Parliament (Bundeshaus) in Bern,on March 4, 2026. Photo: Office of Tibet, Geneva

Foreign Ministers of countries. Photo:file

His Holiness the Dalai Lama joined the celebration of his 91st birthday, at Shewatsel Teaching Ground in Leh, Ladakh, on July 6, 2026. Photo:TPI

Tibetans in Dingri County suffering from the earthquake, on Janunary 7, 2025. Photo: TPI

An Australian Parliamentary Delegation, led by Senator Derryn Hinch and Deputy Leader Kevin Andrews MP, visited Dharamshala, the seat of the Central Tibetan Administration, during a four-day official visit from 20–23 November 2017. Photo: File.

His Holiness the Dalai Lama during his meeting with intellectuals, academics and diplomats at the Taj Hotel in New Delhi, India on September 21, 2019. Photo by Tenzin Choejor

Ngawang Jorgyal, a mathematics and Science teacher at Gaden monastery, South India. Photo : Ngawang Jorgyal

President Dr Lobsang Sangay joins a panel discussion on ‘China: Human Rights in the 21st Century Digital Surveillance’ at Charles University, Prague, 15 October 15, 2019. Photo: Sikyong Office

ICT’s Executive Director for Germany Kai Mueller speaks to the Human Rights Committee of the Bundestag. Photo: ICT Germany

Tempa Gyaltsen Zamlha, Director of Environment and Development Desk. Photo: Tempa

The Khumbu Glacier, Nepal. Credit: Eugene Ga/Shutterstock

His Holiness the Dalai Lama's message on the 50th anniversary of Earth Day. Photo: OHHDL

His Holiness the Dalai Lama speaking to Amity University students by video conference from his residence in Dharamsala, HP, India on June 26, 2020. Photo by Ven Tenzin Jamphel

His Holiness the Dalai Lama with Prof Dheeraj Sharma, Director of the Indian Institute of Management, Rohtak, on December 23,2021. Photo: Tenzin Jamphel

Communist authoritarianism, totalitarianism, censorship, and complete control. Photo: AI generated.

The despotic, self-imposed communist regime in China constitutes a significant and unpredictable threat, with far-reaching consequences across the globe. Photo: TPI

Tibetan activist Leden from Delhi, India. Photo: TPI

Sonam Tsering, General Secretary of Tibet Youth Congress on June 26, 2024. (Photo:TPI)

Tibetan activist Tenzin Tsundue, Dharamshala, on December 22, 2021. Photo: TPI/Yangchen Dolma

The Book, My Life – Born in Free Tibet, Served in Exile and the author Tashi Wangdi in Dharamshala, on June 7, 2024. Photo: TPI/Yangchen Dolma

China inside the contemporary censorship and propaganda warfare in the twenty-first century. Photo: TPI

Authors of ""TIBET EXPLAINED – Legal Status, Rights and State Responsibility"", Michael Van Walt Van Praag and Miek Boltjes. Photo:TPI

Author Amy Yee and her new book Far from the Roof of the World. Photo: Amy Yee/TPI

Tibetan Major Rivers. Photo: file

The SangqChu (Chinese: Xiahe) County Government's announcement, issued on November 16, 2022. Photo: file

Snow Mountains of Tibet. Photo: file

Climate activist Sonam Wangchuk holding a block of ice from Ladakh, to be presented to His Holiness the Dalai Lama. Photo: TPI/Yangchen Dolma

His Holiness the 14th Dalai Lama at a virtual conference with environmental activist Greta Thunberg, and two leading scientists, William Moomaw and Susan Natali on January 10, 2021.

Sandesh Meshram alias Samten Yeshi, General Secretary of the India-Tibet Friendship Society, Nagpur, Maharashtra, India, has launched his fifth cycle rally titled ""Jannagaran Cycle Yatra"" on November 4, 2023. (Photo: file)

images/stories/Pics-2023/September/Tibet-water-rivers-2023.png#joomlaImage://local-images/stories/Pics-2023/September/Tibet-water-rivers-2023.png?width=1004&height=603

Tenzin Delek Rinpoche's Medal of Courage 2022 was awarded to A-Nya Sengdra, the environmental and anti-corruption activist on July 12, 2022. Photo: TPI

Dr Lobsang Sangay President of Central Tibetan Administration rejects China’s latest claims on the Panchen Lama. Photo: DIIR/CTA

Representatives of the leading Tibetan NGOs raised banners with slogans as such ""We strongly condemn China's aggression on Indian territory"" and ""Tibet's Independence, India's Security,"" in Dharamshala, india, on June 18, 2020. Photo: TPI/Yangchen Dolma

His Holiness the Dalai Lama of Tibet. Photo: TPI/Yeshe Choesang

His Holiness speaking on ""Love and Compassion - A Way of Life"" at the Bihar Judicial Academy in Patna, Bihar, India on January 18, 2020. Photo by Lobsang Tsering

Jagdeep Dhankar, Governor of West Bengal with President Dr Lobsang Sangay, Speaker Pema Jungney and other esteemed guests in Kolkata, West Bengal, India, on December 26, 2019. Photo: Office of Sikyong

His Holiness the Dalai Lama is interacting with neuroscientist Richard Davidson. Photo: screenshot

His Holiness speaking on Secular Ethics in Modern Education to members of Mind Mingle by video link from his residence in Dharamsala, HP, India on August 25, 2020. Photo by Ven Tenzin Jamphel

The public hand is both gold and powerful. Photo: File

The fortitude, perseverance, and indomitable spirits of the people of Tibet always remain steadfast, resolute, and unyielding in their quest for the liberation, sovereignty, and self-determination of our fatherland—Tibet. Photo: TPI

Keep calm and secure your data. Photo: TPI

TPI office meeting in 2010. Photo: TPI

May 2024 heralds the 16th commemoration of its inception, a period marked by substantial contributions to justice, freedom, and democracy. Photo: File

Tibetan community of Switzerland and Liechtenstein launched a week of peaceful rally and solidarity walk from the Swiss Federal Parliament (Bundeshaus) in Bern,on March 4, 2026. Photo: Office of Tibet, Geneva

Bern — The Tibetan community in Switzerland and Liechtenstein has launched a week of peaceful rally and solidarity walk from the Swiss Federal Parliament (Bundeshaus) in Bern to the Embassy of the People's Republic of China in Zurich, from March 4 to 10, 2026. The aim is to raise public awareness of human rights issues in Tibet and to call the Chinese government for transparency, respect for human rights, and compliance with legal standards in Tibetan regions.

According to the Office of Tibet, Geneva, on March 4, 2026, the Tibetan Community of Switzerland and Liechtenstein has inaugurated a week-long peaceful rally and solidarity walk in Bern, they will walk till march 10th, 2026, the Tibetan National Uprising Day, from the Swiss Federal Parliament (Bundeshaus) in Bern to the Embassy of the People’s Republic of China in Zurich.

Around 15 participants, aged between the ages of 35 and 75, represent intergenerational commitment and unity. This event, based on non-violence, dignity, and constructive dialogue, aims to raise public awareness of humanitarian concerns in Tibet and call for transparency, respect for human rights, and compliance with legal standards in Tibetan regions.

Representative Thinley Chukki, the Office of Tibet, Geneva, addressed the participants at the launch and she saud,''Today, as we gather in front of the Swiss Parliament, I thank our guest of honour, a Member of Parliament, for inaugurating this peace march. This march coincides with the 90th birthday of His Holiness the Dalai Lama and seeks to draw global attention to the suffering of Tibetans in Tibet. Over one million Tibetan children face forced residential schooling, and in 2024 alone, around 650,000 Tibetans were effected by the forced labour programmes according to the UN reports. Infrastructure projects and dams have displaced nearly one million Tibetans, depriving them of their livelihoods.""

""We call on the international community to recognise these violations and extend their support. I thank all participants for dedicating seven days of their lives to this cause. May our efforts advance freedom in Tibet, a peaceful resolution of the Sino-Tibetan conflict, and the long life of His Holiness the Dalai Lama,"" she added.

Katharina Prelicz-Huber, Member of the National Council of Switzerland, expressed her support, conveying the solidarity of the Tibetan Parliamentary Group and providing a message to be delivered on 10 March, 2026, marking the 67th anniversary of the Tibetan National Uprising Day. The letter was signed by co-presidents Councillor of States Diana Moser, National Councillor Leonore Borges, National Councillor Nick Gucker, National Councillor Fabian Molina, and Maya Graf, Councillor of States.

According to the report, beyond Tibet, the march carries a universal message: in a world affected by war, conflict, and human suffering, peace, dialogue, and non-violence remain essential. Inspired by His Holiness the 14th Dalai Lama, Tenzin Gyatso, the Tibetan Community emphasises that lasting solutions come through respect, understanding, and peaceful negotiation.

They said that the march from Bern to Zurich stands as both a call for justice in Tibet and a symbolic gesture of solidarity with all peoples affected by war and instability worldwide.

President Dr Lobsang Sangay signing Tibetan parliament's Electoral Amendments into Law, at a press conference in Dharamshala, India, on October 3, 2018. Photo: TPI/Yangchen Dolma

Secretary General of IM Ann Svensén looks on as His Holiness the Dalai Lama addresses members of the press in Malmö, Sweden on September 12, 2018. Photo by Jeremy Russell

The Founding Assembly of the ‘Asia Democracy Network’ and the ‘3rd Seoul Democracy Forum’ were held in Seoul, Korea, from 21st to 24th October 2013. Photo: TPI

Liu Xiaobo, Nobel Peace laureate, advocated for human rights in China before his death. Photo: File

The European Parliament is a rubber-stamp parliament - Photo: file

Freedom House lists Tibet as the one of least free country in the world in it's ""Freedom in the World 2024"" report. (Photo: Freedom House)

Tibetan delegation met with PP Chaudhary, Chairman of the Parliamentary Standing Committee of External Affairs on New Delhi, India, on December 6, 2023. (Photo: file)

Hong Kong: RSF representative detained and deported on attempt to monitor Jimmy Lai’s national security trial. Photo: RSF

Swedish parliamentary delegation led by Chairperson MP Margareta Cederfelt, accompanied by Representative Sonam Tsering Frasi and Secretary Lobsang Choedon Samten of Office of Tibet, London with His Holiness the Dalai Lama during their visit to Dharamsala in September 2023. (Photo: HHDL)

Representative Chris Smtih (R-NJ) and Senator Jeff Merkley (D-OR), respectively chairman and co-chairman of the bipartisan and bicameral Congressional-Executive Commission on China (CECC). (Photo: file)

Over 62 Tibetans shaved their heads in front of UN, NY, on July 30, 2026, in solidarity with Tibetan martyr Lobga Rangzen and all those who have sacrificed their lives for a free Tibet. Photo:Tenzin Wangdu Rangzen

Tsering Dolma and Yangchen Dolkar, Tenzin sangmo and Youndoung held the press conference at Guwahatu Press Club, on July 29, 2026. Photo:file

Tibetan monks and nuns expelling from the Larung Gar and forced them to go home in the buses, in 2017. Photo: TPI

Six Tibetan women participating in the TYC's ongong hunger strike protest against the CCP, July 27, 2026. Photo: TPI

Serthar Larung Five Sciences Buddhist Academy, the world’s largest Tibetan Buddhist institute. Photo: File

His Holiness the Dalai Lama, Dharamshala. Photo: TPI

Chinese pro-democracy activist Zhang Yi, behind of the Potala Palace, Lhasa, Tibet.  Photo: Renquanwang

Tibet was always known to be a country until China invaded and took it over. The National Flag of Tibet at a military parade in Lhasa, Capital of Tibet in 1938. Photo: File

Lobga Rangzen (inset), a Tibetan American set himself on fire outside the United Nations to protest the Chinese occupation of his native home Tibet, on Thursday, July 2, 2026. (Lobga Rangzen via Facebook)

Left: Lobsang Tsering, Gonpo Dhondup, Karma Yeshe, Lobsang Yeshe, Tenzin Lhamo, and Penpa Tsering, participating in the hunger strike, July 19, 2026. Photo: TYC"
5,tibetpost,english,Tibetan Youth Congress Protest Outside the Chinese Embassy in New Delhi - Tibet Post International,,2026-06-12T00:00:00+00:00,https://www.thetibetpost.com/news/exile/tibetan-youth-congress-protest-outside-the-chinese-embassy-in-new-delhi,14529,"Tibet has a rich history as a sovereign nation until the 1950s when it was invaded by China. [Photo: File]

Where is Tibet located on a map?

Lama turns to iPhone to spread app-ness. Photo: Hürriyet Daily News

""2008 Uprising Experiences: Roar of truth at the cost of one’s life,"" launched Dharamshala, on June 12, 2026. Photo: TPI

left: Tsering Choephel, Vijay Kranti and Tenzin Tsundue launching the book ""China's Colonial Game in Tibet"" in Dharamshala, March 6, 2026. Photo: TPI

Central Tibetan Administration commemorates the 67th National Uprising of Tibet in the Dharamshala, on March 10, 2026. Photo: TPI

Tibet Museum organised an exhibition titled ""Frontier Diplomacy: Britain, Tibet, and Sir Basil Gould"" at the Tibet Museum Dharamshala) on April 3, 2026. Photo: TPI

Tibetan community of Switzerland and Liechtenstein launched a week of peaceful rally and solidarity walk from the Swiss Federal Parliament (Bundeshaus) in Bern,on March 4, 2026. Photo: Office of Tibet, Geneva

Foreign Ministers of countries. Photo:file

His Holiness the Dalai Lama joined the celebration of his 91st birthday, at Shewatsel Teaching Ground in Leh, Ladakh, on July 6, 2026. Photo:TPI

Tibetans in Dingri County suffering from the earthquake, on Janunary 7, 2025. Photo: TPI

An Australian Parliamentary Delegation, led by Senator Derryn Hinch and Deputy Leader Kevin Andrews MP, visited Dharamshala, the seat of the Central Tibetan Administration, during a four-day official visit from 20–23 November 2017. Photo: File.

His Holiness the Dalai Lama during his meeting with intellectuals, academics and diplomats at the Taj Hotel in New Delhi, India on September 21, 2019. Photo by Tenzin Choejor

Ngawang Jorgyal, a mathematics and Science teacher at Gaden monastery, South India. Photo : Ngawang Jorgyal

President Dr Lobsang Sangay joins a panel discussion on ‘China: Human Rights in the 21st Century Digital Surveillance’ at Charles University, Prague, 15 October 15, 2019. Photo: Sikyong Office

ICT’s Executive Director for Germany Kai Mueller speaks to the Human Rights Committee of the Bundestag. Photo: ICT Germany

Tempa Gyaltsen Zamlha, Director of Environment and Development Desk. Photo: Tempa

The Khumbu Glacier, Nepal. Credit: Eugene Ga/Shutterstock

His Holiness the Dalai Lama's message on the 50th anniversary of Earth Day. Photo: OHHDL

His Holiness the Dalai Lama speaking to Amity University students by video conference from his residence in Dharamsala, HP, India on June 26, 2020. Photo by Ven Tenzin Jamphel

His Holiness the Dalai Lama with Prof Dheeraj Sharma, Director of the Indian Institute of Management, Rohtak, on December 23,2021. Photo: Tenzin Jamphel

Communist authoritarianism, totalitarianism, censorship, and complete control. Photo: AI generated.

The despotic, self-imposed communist regime in China constitutes a significant and unpredictable threat, with far-reaching consequences across the globe. Photo: TPI

Tibetan activist Leden from Delhi, India. Photo: TPI

Sonam Tsering, General Secretary of Tibet Youth Congress on June 26, 2024. (Photo:TPI)

Tibetan activist Tenzin Tsundue, Dharamshala, on December 22, 2021. Photo: TPI/Yangchen Dolma

The Book, My Life – Born in Free Tibet, Served in Exile and the author Tashi Wangdi in Dharamshala, on June 7, 2024. Photo: TPI/Yangchen Dolma

China inside the contemporary censorship and propaganda warfare in the twenty-first century. Photo: TPI

Authors of ""TIBET EXPLAINED – Legal Status, Rights and State Responsibility"", Michael Van Walt Van Praag and Miek Boltjes. Photo:TPI

Author Amy Yee and her new book Far from the Roof of the World. Photo: Amy Yee/TPI

Tibetan Major Rivers. Photo: file

The SangqChu (Chinese: Xiahe) County Government's announcement, issued on November 16, 2022. Photo: file

Snow Mountains of Tibet. Photo: file

Climate activist Sonam Wangchuk holding a block of ice from Ladakh, to be presented to His Holiness the Dalai Lama. Photo: TPI/Yangchen Dolma

His Holiness the 14th Dalai Lama at a virtual conference with environmental activist Greta Thunberg, and two leading scientists, William Moomaw and Susan Natali on January 10, 2021.

Sandesh Meshram alias Samten Yeshi, General Secretary of the India-Tibet Friendship Society, Nagpur, Maharashtra, India, has launched his fifth cycle rally titled ""Jannagaran Cycle Yatra"" on November 4, 2023. (Photo: file)

images/stories/Pics-2023/September/Tibet-water-rivers-2023.png#joomlaImage://local-images/stories/Pics-2023/September/Tibet-water-rivers-2023.png?width=1004&height=603

Tenzin Delek Rinpoche's Medal of Courage 2022 was awarded to A-Nya Sengdra, the environmental and anti-corruption activist on July 12, 2022. Photo: TPI

Dr Lobsang Sangay President of Central Tibetan Administration rejects China’s latest claims on the Panchen Lama. Photo: DIIR/CTA

Representatives of the leading Tibetan NGOs raised banners with slogans as such ""We strongly condemn China's aggression on Indian territory"" and ""Tibet's Independence, India's Security,"" in Dharamshala, india, on June 18, 2020. Photo: TPI/Yangchen Dolma

His Holiness the Dalai Lama of Tibet. Photo: TPI/Yeshe Choesang

His Holiness speaking on ""Love and Compassion - A Way of Life"" at the Bihar Judicial Academy in Patna, Bihar, India on January 18, 2020. Photo by Lobsang Tsering

Jagdeep Dhankar, Governor of West Bengal with President Dr Lobsang Sangay, Speaker Pema Jungney and other esteemed guests in Kolkata, West Bengal, India, on December 26, 2019. Photo: Office of Sikyong

His Holiness the Dalai Lama is interacting with neuroscientist Richard Davidson. Photo: screenshot

His Holiness speaking on Secular Ethics in Modern Education to members of Mind Mingle by video link from his residence in Dharamsala, HP, India on August 25, 2020. Photo by Ven Tenzin Jamphel

The public hand is both gold and powerful. Photo: File

The fortitude, perseverance, and indomitable spirits of the people of Tibet always remain steadfast, resolute, and unyielding in their quest for the liberation, sovereignty, and self-determination of our fatherland—Tibet. Photo: TPI

Keep calm and secure your data. Photo: TPI

TPI office meeting in 2010. Photo: TPI

May 2024 heralds the 16th commemoration of its inception, a period marked by substantial contributions to justice, freedom, and democracy. Photo: File

A Tibetan woman protesting against the PRC on July 7, 2026. Photo: TYC

New Delhi — The Tibetan Youth Congress (TYC) organised a strong protest outside the Embassy of the People's Republic of China in New Delhi on June 7, 2026. The demonstrators protested against the Chinese government's ongoing political repression in Tibet and the implementation of the so-called ""ethnic unity"" law, while also paying tribute to the sacrifice of Tibetan patriot Lobga Rangzen, who sacrificed his life for the cause of Tibet.

The Tibetan Youth Congress also sent an open letter to the Embassy of People's Republic of China in New Delhi on the same day and they said,""This is not merely a letter. It is a message carried by the final sacrifice of Tibetan patriot Lobga Rangzen, whose body was engulfed in flames because our homeland had been occupied and our people deprived of their freedom. His last act was not one of despair, it was one of resistance. he raised the Tibetan National Flag and he stood on fire, and declared to the world: ""Free Tibet, China Out of Tibet.""

""Rangzen Lobga sacrificed his life because, he view that the root cause of the Tibetan tragedy is simple: China occupied our country, we lost our independence and the continued political control exercised by the so-called People's Republic of China over Tibet. He sacrificed himself for the cause of Tibet and its Independence because decades of political repression, cultural destruction, restrictions on religious freedom, transnational repression, and now the implementation of the so-called ""Ethnic Unity Law.""

""You call it a law of unity. In reality you are trying to legalize the genocide, a legal procedure design to erase the identity of oppressed people. A law that weakens a nation's language, religion, culture, and history cannot be called unity. Unity cannot be imposed through assimilation. Unity cannot be manufactured through fear. Unity without freedom is not unity at all.

""For almost seven decades, the so-called Chinese Communist government has attempted to suppress and silence Tibetans inside Tibet and across the world. Military occupation, surveillance, imprisonment, propaganda, misinformation, disinformation campaigns, and enormous financial investment to reshape historical narratives, But failed to extinguish the Tibetan people's aspiration for freedom.

""Despite immense pressure, Tibetans have not disappeared. They have become more resilient. Every attempt to erase our identity has strengthened our determination to preserve it. Every effort to silence us has inspired new voices to speak. Every sacrifice has produced a new generation committed to carrying forward the cause of Tibet.

""The oppressor dream of creating ""one big China"" through coercion will remain only that a dream. so as long as Tibetans continue to preserve their national identity and seek justice. Ideas cannot be imprisoned. History cannot be rewritten simply through repetition. National identity cannot be erased by decree.

""Rangzen Lobga made his message unmistakably clear: ""the root cause of the Tibetan issue is that Tibet lost its independence after China took control of our land.""

""The Tibetan Youth Congress has never wavered in its position. We firmly stands and believe that the Tibetan people have the right to determine their own future, and our mission remains unchanged: to reclaim our country, Tibet, from the foreign occupation.

""This is perhaps one of the most important moments for the so-called Government of the People's Republic of China to resume sincere and meaningful dialogue with the Tibetan Government in Exile, Dialogue is not a sign of weakness. It is the mark of confidence. Nations secure in their legitimacy do not fear conversation. History has shown that governments can suppress protests, imprison individuals, and control information, but they cannot permanently extinguish a people's aspiration for freedom and dignity.

""The world has changed. Information travels across borders in seconds. Voices cannot be silenced as they once were. Attempts to conceal injustice face greater international scrutiny than ever before. Rangzen Lobga's sacrifice will not never be a forgotten chapter despite will be the source of motivation. It should serve as a warning that unresolved political conflicts continue to carry profound human consequences.

""We therefore call upon the so-called Government of the People's Republic of China to end its illegal occupation of Tibet and respect the Tibetan people's inherent right to self-determination.

""The Chinese government must recognize the legitimate aspiration of the Tibetan people and restore Tibet's independence. Lasting peace and stability cannot be achieved through repression, forced assimilation, or military control, but only by ending occupation and respecting the will of the Tibetan people. We urge China to choose justice over oppression, freedom over domination, and peace over continued confrontation.

""History will judge not only those who resisted oppression, but also those who had the opportunity to pursue peace and chose otherwise. Act now or regret later,"" the Tibetan activists of Tibetan Youth Congress said.

President Dr Lobsang Sangay signing Tibetan parliament's Electoral Amendments into Law, at a press conference in Dharamshala, India, on October 3, 2018. Photo: TPI/Yangchen Dolma

Secretary General of IM Ann Svensén looks on as His Holiness the Dalai Lama addresses members of the press in Malmö, Sweden on September 12, 2018. Photo by Jeremy Russell

The Founding Assembly of the ‘Asia Democracy Network’ and the ‘3rd Seoul Democracy Forum’ were held in Seoul, Korea, from 21st to 24th October 2013. Photo: TPI

Liu Xiaobo, Nobel Peace laureate, advocated for human rights in China before his death. Photo: File

The European Parliament is a rubber-stamp parliament - Photo: file

Freedom House lists Tibet as the one of least free country in the world in it's ""Freedom in the World 2024"" report. (Photo: Freedom House)

Tibetan delegation met with PP Chaudhary, Chairman of the Parliamentary Standing Committee of External Affairs on New Delhi, India, on December 6, 2023. (Photo: file)

Hong Kong: RSF representative detained and deported on attempt to monitor Jimmy Lai’s national security trial. Photo: RSF

Swedish parliamentary delegation led by Chairperson MP Margareta Cederfelt, accompanied by Representative Sonam Tsering Frasi and Secretary Lobsang Choedon Samten of Office of Tibet, London with His Holiness the Dalai Lama during their visit to Dharamsala in September 2023. (Photo: HHDL)

Representative Chris Smtih (R-NJ) and Senator Jeff Merkley (D-OR), respectively chairman and co-chairman of the bipartisan and bicameral Congressional-Executive Commission on China (CECC). (Photo: file)

Over 62 Tibetans shaved their heads in front of UN, NY, on July 30, 2026, in solidarity with Tibetan martyr Lobga Rangzen and all those who have sacrificed their lives for a free Tibet. Photo:Tenzin Wangdu Rangzen

Tsering Dolma and Yangchen Dolkar, Tenzin sangmo and Youndoung held the press conference at Guwahatu Press Club, on July 29, 2026. Photo:file

Tibetan monks and nuns expelling from the Larung Gar and forced them to go home in the buses, in 2017. Photo: TPI

Six Tibetan women participating in the TYC's ongong hunger strike protest against the CCP, July 27, 2026. Photo: TPI

Serthar Larung Five Sciences Buddhist Academy, the world’s largest Tibetan Buddhist institute. Photo: File

His Holiness the Dalai Lama, Dharamshala. Photo: TPI

Chinese pro-democracy activist Zhang Yi, behind of the Potala Palace, Lhasa, Tibet.  Photo: Renquanwang

Tibet was always known to be a country until China invaded and took it over. The National Flag of Tibet at a military parade in Lhasa, Capital of Tibet in 1938. Photo: File

Lobga Rangzen (inset), a Tibetan American set himself on fire outside the United Nations to protest the Chinese occupation of his native home Tibet, on Thursday, July 2, 2026. (Lobga Rangzen via Facebook)

Left: Lobsang Tsering, Gonpo Dhondup, Karma Yeshe, Lobsang Yeshe, Tenzin Lhamo, and Penpa Tsering, participating in the hunger strike, July 19, 2026. Photo: TYC"
6,tibetpost,english,"Chinese authorities set to demolish 1,060 dwellings of monks and nuns in Larung Gar - Tibet Post International",,2026-06-12T00:00:00+00:00,"https://www.thetibetpost.com/news/tibet/chinese-authorities-set-to-demolish-1,060-dwellings-of-monks-and-nuns-in-larung-gar",14809,"Tibet has a rich history as a sovereign nation until the 1950s when it was invaded by China. [Photo: File]

Where is Tibet located on a map?

Lama turns to iPhone to spread app-ness. Photo: Hürriyet Daily News

""2008 Uprising Experiences: Roar of truth at the cost of one’s life,"" launched Dharamshala, on June 12, 2026. Photo: TPI

left: Tsering Choephel, Vijay Kranti and Tenzin Tsundue launching the book ""China's Colonial Game in Tibet"" in Dharamshala, March 6, 2026. Photo: TPI

Central Tibetan Administration commemorates the 67th National Uprising of Tibet in the Dharamshala, on March 10, 2026. Photo: TPI

Tibet Museum organised an exhibition titled ""Frontier Diplomacy: Britain, Tibet, and Sir Basil Gould"" at the Tibet Museum Dharamshala) on April 3, 2026. Photo: TPI

Tibetan community of Switzerland and Liechtenstein launched a week of peaceful rally and solidarity walk from the Swiss Federal Parliament (Bundeshaus) in Bern,on March 4, 2026. Photo: Office of Tibet, Geneva

Foreign Ministers of countries. Photo:file

His Holiness the Dalai Lama joined the celebration of his 91st birthday, at Shewatsel Teaching Ground in Leh, Ladakh, on July 6, 2026. Photo:TPI

Tibetans in Dingri County suffering from the earthquake, on Janunary 7, 2025. Photo: TPI

An Australian Parliamentary Delegation, led by Senator Derryn Hinch and Deputy Leader Kevin Andrews MP, visited Dharamshala, the seat of the Central Tibetan Administration, during a four-day official visit from 20–23 November 2017. Photo: File.

His Holiness the Dalai Lama during his meeting with intellectuals, academics and diplomats at the Taj Hotel in New Delhi, India on September 21, 2019. Photo by Tenzin Choejor

Ngawang Jorgyal, a mathematics and Science teacher at Gaden monastery, South India. Photo : Ngawang Jorgyal

President Dr Lobsang Sangay joins a panel discussion on ‘China: Human Rights in the 21st Century Digital Surveillance’ at Charles University, Prague, 15 October 15, 2019. Photo: Sikyong Office

ICT’s Executive Director for Germany Kai Mueller speaks to the Human Rights Committee of the Bundestag. Photo: ICT Germany

Tempa Gyaltsen Zamlha, Director of Environment and Development Desk. Photo: Tempa

The Khumbu Glacier, Nepal. Credit: Eugene Ga/Shutterstock

His Holiness the Dalai Lama's message on the 50th anniversary of Earth Day. Photo: OHHDL

His Holiness the Dalai Lama speaking to Amity University students by video conference from his residence in Dharamsala, HP, India on June 26, 2020. Photo by Ven Tenzin Jamphel

His Holiness the Dalai Lama with Prof Dheeraj Sharma, Director of the Indian Institute of Management, Rohtak, on December 23,2021. Photo: Tenzin Jamphel

Communist authoritarianism, totalitarianism, censorship, and complete control. Photo: AI generated.

The despotic, self-imposed communist regime in China constitutes a significant and unpredictable threat, with far-reaching consequences across the globe. Photo: TPI

Tibetan activist Leden from Delhi, India. Photo: TPI

Sonam Tsering, General Secretary of Tibet Youth Congress on June 26, 2024. (Photo:TPI)

Tibetan activist Tenzin Tsundue, Dharamshala, on December 22, 2021. Photo: TPI/Yangchen Dolma

The Book, My Life – Born in Free Tibet, Served in Exile and the author Tashi Wangdi in Dharamshala, on June 7, 2024. Photo: TPI/Yangchen Dolma

China inside the contemporary censorship and propaganda warfare in the twenty-first century. Photo: TPI

Authors of ""TIBET EXPLAINED – Legal Status, Rights and State Responsibility"", Michael Van Walt Van Praag and Miek Boltjes. Photo:TPI

Author Amy Yee and her new book Far from the Roof of the World. Photo: Amy Yee/TPI

Tibetan Major Rivers. Photo: file

The SangqChu (Chinese: Xiahe) County Government's announcement, issued on November 16, 2022. Photo: file

Snow Mountains of Tibet. Photo: file

Climate activist Sonam Wangchuk holding a block of ice from Ladakh, to be presented to His Holiness the Dalai Lama. Photo: TPI/Yangchen Dolma

His Holiness the 14th Dalai Lama at a virtual conference with environmental activist Greta Thunberg, and two leading scientists, William Moomaw and Susan Natali on January 10, 2021.

Sandesh Meshram alias Samten Yeshi, General Secretary of the India-Tibet Friendship Society, Nagpur, Maharashtra, India, has launched his fifth cycle rally titled ""Jannagaran Cycle Yatra"" on November 4, 2023. (Photo: file)

images/stories/Pics-2023/September/Tibet-water-rivers-2023.png#joomlaImage://local-images/stories/Pics-2023/September/Tibet-water-rivers-2023.png?width=1004&height=603

Tenzin Delek Rinpoche's Medal of Courage 2022 was awarded to A-Nya Sengdra, the environmental and anti-corruption activist on July 12, 2022. Photo: TPI

Dr Lobsang Sangay President of Central Tibetan Administration rejects China’s latest claims on the Panchen Lama. Photo: DIIR/CTA

Representatives of the leading Tibetan NGOs raised banners with slogans as such ""We strongly condemn China's aggression on Indian territory"" and ""Tibet's Independence, India's Security,"" in Dharamshala, india, on June 18, 2020. Photo: TPI/Yangchen Dolma

His Holiness the Dalai Lama of Tibet. Photo: TPI/Yeshe Choesang

His Holiness speaking on ""Love and Compassion - A Way of Life"" at the Bihar Judicial Academy in Patna, Bihar, India on January 18, 2020. Photo by Lobsang Tsering

Jagdeep Dhankar, Governor of West Bengal with President Dr Lobsang Sangay, Speaker Pema Jungney and other esteemed guests in Kolkata, West Bengal, India, on December 26, 2019. Photo: Office of Sikyong

His Holiness the Dalai Lama is interacting with neuroscientist Richard Davidson. Photo: screenshot

His Holiness speaking on Secular Ethics in Modern Education to members of Mind Mingle by video link from his residence in Dharamsala, HP, India on August 25, 2020. Photo by Ven Tenzin Jamphel

The public hand is both gold and powerful. Photo: File

The fortitude, perseverance, and indomitable spirits of the people of Tibet always remain steadfast, resolute, and unyielding in their quest for the liberation, sovereignty, and self-determination of our fatherland—Tibet. Photo: TPI

Keep calm and secure your data. Photo: TPI

TPI office meeting in 2010. Photo: TPI

May 2024 heralds the 16th commemoration of its inception, a period marked by substantial contributions to justice, freedom, and democracy. Photo: File

Serthar Larung Five Sciences Buddhist Academy, the world’s largest Tibetan Buddhist institute. Photo: File

Dharamshala — The Chinese authorities have demolished thousands of residences of Tibetan monks and nuns in Larung Gar, the world’s largest Tibetan Buddhist institute, since 2001. The latest wave of demolitions began in mid-July and is set to destroy 1,060 dwellings of monks and nuns. These demolitions took place following the implementation of China’s new law, so-called the “Law on Ethnic Unity and Progress,” which came into effect on July 1, 2026.

According to these sources, on July 13, 2026, Chinese authorities began to demolish at least 1,060 dwellings belonging to monks and nuns at the Larung Five Sciences Buddhist Academy, better known as Larung Gar (monastery), located in Sertar County in eastern Tibet; at least six dwellings were demolished till July 15, 2026. These actions occurred following the implementation of so-called China's new “Law on Ethnic Unity and Progress” on July 1, 2026, which targets the Tibetan language, identity, culture, and religion as part of a policy of Sinicization and imposes the assimilation of Tibetans into Chinese culture through public institutions.

""The demolitions in Larung Gar began around July 13, 2026, and are being carried out at night, which is seen as a tactic by the authorities to prevent public documentation, media coverage, and satellite monitoring. As of July 15, 2026, six dwellings had been demolished, and Chinese authorities continue to destroy the residences; they have targeted at least 1,060 dwellings belonging to monks and nuns for demolition as part of this latest phase of demolitions,"" the sources said.

In 2001, Chinese authorities launched their first large-scale demolition and forced eviction operations at the Larung Gar Buddhist Academy, targeting thousands of monastic dwellings. Since then, the Chinese government has intermittently resumed its destruction activities, notably launching a massive demolitionoperationin July 2016 that reportedly resulted in theexpulsionof more than 4,800 monks and nuns and the demolition of 4,700 dwellings; the most recent wave targeted at least 1,060 dwellings.

The the Serta Larung Five Science Buddhist Academy was founded by Khenpo Jigme Phuntsok, Tibetan lama and great scholar in 1980 and has grown to the point where, it hosts between 10,000 and 40,000 residents. It is home to monks, nuns, and students from Tibet and China, as well as from other countries such as South Korea, Singapore, and Malaysia, while tens of thousands of people around the world study Buddhism through online courses taught by Sodargye Rinpoche, a prominent khenpo from Larung Gar. Despite the restrictions imposed by Chinese authorities on Tibetan Buddhism under Chinese occupation, Larung Gar has greatly contributed to the spread of this religion as well as to the preservation and international dissemination of Tibetan culture. Hundreds of eminent Buddhist scholars and practitioners have been educated at Larung Gar.

Since the Chinese government began systematically demolishing Larung Gar, the European Parliament, United Nations special rapporteurs, numerous countries, and human rights organisations, including Human Rights have officially condemned the Chinese government’s destruction of Larung Gar and called on it to put an end to these demolitions.

""China’s actions, in no doubts, constitute a gross violation of international human rights law, as well as its own Constitution, which obligates China to respect and protect the cultural, social, and religious rights of the Tibetan people. Instead, by forcing mass evictions of Tibetan monastic communities and replacing Tibetan self-governance with direct Chinese Communist Party administration, China is actively dismantling the very fabric of Tibetan life. The human toll of the Larung Gar crackdown that took place in 2016 and 2017 has been disastrous, resulting in profound psychological trauma and tragic suicides, such as the deaths of Tibetan nuns Tsering Dolma and Semgha amid the 2016 demolitions,"" the UN, EU, and the Human Rights Desk, Tibet Advocacy Section, DIIR, Central Tibetan Administration said.

China-Tibet: The one-thing you need to know:

Over the past 70 decades, there has been ongoing political repression, social discrimination, economic marginalization, environmental destruction, and cultural assimilation, particularly due to Chinese migration to Tibet which is fueling intense resentment among the people of occupied Tibet.

The communist-totalitarian state of China began its invasion of Tibet in 1949, reaching complete occupation of the country in 1959. Since that time, more than 1.2 million people, 20% of the nation's population of six million, have died as a direct result of China's invasion and occupation. In addition, over 99% of Tibet's six thousand religious monasteries, temples, and shrines, have been looted or decimated resulting in the destruction of hundreds of thousands of sacred Buddhist scriptures.

Until 1949, Tibet was an independent Buddhist nation in the Himalayas which had little contact with the rest of the world. It existed as a rich cultural storehouse of the Mahayana and Vajrayana teachings of Buddhism. Religion was a unifying theme among the Tibetans -- as was their own language, literature, art, and world view developed by living at high altitudes, under harsh conditions, in a balance with their environment.

President Dr Lobsang Sangay signing Tibetan parliament's Electoral Amendments into Law, at a press conference in Dharamshala, India, on October 3, 2018. Photo: TPI/Yangchen Dolma

Secretary General of IM Ann Svensén looks on as His Holiness the Dalai Lama addresses members of the press in Malmö, Sweden on September 12, 2018. Photo by Jeremy Russell

The Founding Assembly of the ‘Asia Democracy Network’ and the ‘3rd Seoul Democracy Forum’ were held in Seoul, Korea, from 21st to 24th October 2013. Photo: TPI

Liu Xiaobo, Nobel Peace laureate, advocated for human rights in China before his death. Photo: File

The European Parliament is a rubber-stamp parliament - Photo: file

Freedom House lists Tibet as the one of least free country in the world in it's ""Freedom in the World 2024"" report. (Photo: Freedom House)

Tibetan delegation met with PP Chaudhary, Chairman of the Parliamentary Standing Committee of External Affairs on New Delhi, India, on December 6, 2023. (Photo: file)

Hong Kong: RSF representative detained and deported on attempt to monitor Jimmy Lai’s national security trial. Photo: RSF

Swedish parliamentary delegation led by Chairperson MP Margareta Cederfelt, accompanied by Representative Sonam Tsering Frasi and Secretary Lobsang Choedon Samten of Office of Tibet, London with His Holiness the Dalai Lama during their visit to Dharamsala in September 2023. (Photo: HHDL)

Representative Chris Smtih (R-NJ) and Senator Jeff Merkley (D-OR), respectively chairman and co-chairman of the bipartisan and bicameral Congressional-Executive Commission on China (CECC). (Photo: file)

Over 62 Tibetans shaved their heads in front of UN, NY, on July 30, 2026, in solidarity with Tibetan martyr Lobga Rangzen and all those who have sacrificed their lives for a free Tibet. Photo:Tenzin Wangdu Rangzen

Tsering Dolma and Yangchen Dolkar, Tenzin sangmo and Youndoung held the press conference at Guwahatu Press Club, on July 29, 2026. Photo:file

Tibetan monks and nuns expelling from the Larung Gar and forced them to go home in the buses, in 2017. Photo: TPI

Six Tibetan women participating in the TYC's ongong hunger strike protest against the CCP, July 27, 2026. Photo: TPI

Serthar Larung Five Sciences Buddhist Academy, the world’s largest Tibetan Buddhist institute. Photo: File

His Holiness the Dalai Lama, Dharamshala. Photo: TPI

Chinese pro-democracy activist Zhang Yi, behind of the Potala Palace, Lhasa, Tibet.  Photo: Renquanwang

Tibet was always known to be a country until China invaded and took it over. The National Flag of Tibet at a military parade in Lhasa, Capital of Tibet in 1938. Photo: File

Lobga Rangzen (inset), a Tibetan American set himself on fire outside the United Nations to protest the Chinese occupation of his native home Tibet, on Thursday, July 2, 2026. (Lobga Rangzen via Facebook)

Left: Lobsang Tsering, Gonpo Dhondup, Karma Yeshe, Lobsang Yeshe, Tenzin Lhamo, and Penpa Tsering, participating in the hunger strike, July 19, 2026. Photo: TYC"
16,tibetpost,english,Tibetans express deep sorrow over passing away of Tibetan self-immolator - Tibet Post International,,2026-06-12T00:00:00+00:00,https://www.thetibetpost.com/news/exile/tibetans-express-deep-sorrow-over-passing-away-of-tibetan-self-immolator,13270,"Tibet has a rich history as a sovereign nation until the 1950s when it was invaded by China. [Photo: File]

Where is Tibet located on a map?

Lama turns to iPhone to spread app-ness. Photo: Hürriyet Daily News

""2008 Uprising Experiences: Roar of truth at the cost of one’s life,"" launched Dharamshala, on June 12, 2026. Photo: TPI

left: Tsering Choephel, Vijay Kranti and Tenzin Tsundue launching the book ""China's Colonial Game in Tibet"" in Dharamshala, March 6, 2026. Photo: TPI

Central Tibetan Administration commemorates the 67th National Uprising of Tibet in the Dharamshala, on March 10, 2026. Photo: TPI

Tibet Museum organised an exhibition titled ""Frontier Diplomacy: Britain, Tibet, and Sir Basil Gould"" at the Tibet Museum Dharamshala) on April 3, 2026. Photo: TPI

Tibetan community of Switzerland and Liechtenstein launched a week of peaceful rally and solidarity walk from the Swiss Federal Parliament (Bundeshaus) in Bern,on March 4, 2026. Photo: Office of Tibet, Geneva

Foreign Ministers of countries. Photo:file

His Holiness the Dalai Lama joined the celebration of his 91st birthday, at Shewatsel Teaching Ground in Leh, Ladakh, on July 6, 2026. Photo:TPI

Tibetans in Dingri County suffering from the earthquake, on Janunary 7, 2025. Photo: TPI

An Australian Parliamentary Delegation, led by Senator Derryn Hinch and Deputy Leader Kevin Andrews MP, visited Dharamshala, the seat of the Central Tibetan Administration, during a four-day official visit from 20–23 November 2017. Photo: File.

His Holiness the Dalai Lama during his meeting with intellectuals, academics and diplomats at the Taj Hotel in New Delhi, India on September 21, 2019. Photo by Tenzin Choejor

Ngawang Jorgyal, a mathematics and Science teacher at Gaden monastery, South India. Photo : Ngawang Jorgyal

President Dr Lobsang Sangay joins a panel discussion on ‘China: Human Rights in the 21st Century Digital Surveillance’ at Charles University, Prague, 15 October 15, 2019. Photo: Sikyong Office

ICT’s Executive Director for Germany Kai Mueller speaks to the Human Rights Committee of the Bundestag. Photo: ICT Germany

Tempa Gyaltsen Zamlha, Director of Environment and Development Desk. Photo: Tempa

The Khumbu Glacier, Nepal. Credit: Eugene Ga/Shutterstock

His Holiness the Dalai Lama's message on the 50th anniversary of Earth Day. Photo: OHHDL

His Holiness the Dalai Lama speaking to Amity University students by video conference from his residence in Dharamsala, HP, India on June 26, 2020. Photo by Ven Tenzin Jamphel

His Holiness the Dalai Lama with Prof Dheeraj Sharma, Director of the Indian Institute of Management, Rohtak, on December 23,2021. Photo: Tenzin Jamphel

Communist authoritarianism, totalitarianism, censorship, and complete control. Photo: AI generated.

The despotic, self-imposed communist regime in China constitutes a significant and unpredictable threat, with far-reaching consequences across the globe. Photo: TPI

Tibetan activist Leden from Delhi, India. Photo: TPI

Sonam Tsering, General Secretary of Tibet Youth Congress on June 26, 2024. (Photo:TPI)

Tibetan activist Tenzin Tsundue, Dharamshala, on December 22, 2021. Photo: TPI/Yangchen Dolma

The Book, My Life – Born in Free Tibet, Served in Exile and the author Tashi Wangdi in Dharamshala, on June 7, 2024. Photo: TPI/Yangchen Dolma

China inside the contemporary censorship and propaganda warfare in the twenty-first century. Photo: TPI

Authors of ""TIBET EXPLAINED – Legal Status, Rights and State Responsibility"", Michael Van Walt Van Praag and Miek Boltjes. Photo:TPI

Author Amy Yee and her new book Far from the Roof of the World. Photo: Amy Yee/TPI

Tibetan Major Rivers. Photo: file

The SangqChu (Chinese: Xiahe) County Government's announcement, issued on November 16, 2022. Photo: file

Snow Mountains of Tibet. Photo: file

Climate activist Sonam Wangchuk holding a block of ice from Ladakh, to be presented to His Holiness the Dalai Lama. Photo: TPI/Yangchen Dolma

His Holiness the 14th Dalai Lama at a virtual conference with environmental activist Greta Thunberg, and two leading scientists, William Moomaw and Susan Natali on January 10, 2021.

Sandesh Meshram alias Samten Yeshi, General Secretary of the India-Tibet Friendship Society, Nagpur, Maharashtra, India, has launched his fifth cycle rally titled ""Jannagaran Cycle Yatra"" on November 4, 2023. (Photo: file)

images/stories/Pics-2023/September/Tibet-water-rivers-2023.png#joomlaImage://local-images/stories/Pics-2023/September/Tibet-water-rivers-2023.png?width=1004&height=603

Tenzin Delek Rinpoche's Medal of Courage 2022 was awarded to A-Nya Sengdra, the environmental and anti-corruption activist on July 12, 2022. Photo: TPI

Dr Lobsang Sangay President of Central Tibetan Administration rejects China’s latest claims on the Panchen Lama. Photo: DIIR/CTA

Representatives of the leading Tibetan NGOs raised banners with slogans as such ""We strongly condemn China's aggression on Indian territory"" and ""Tibet's Independence, India's Security,"" in Dharamshala, india, on June 18, 2020. Photo: TPI/Yangchen Dolma

His Holiness the Dalai Lama of Tibet. Photo: TPI/Yeshe Choesang

His Holiness speaking on ""Love and Compassion - A Way of Life"" at the Bihar Judicial Academy in Patna, Bihar, India on January 18, 2020. Photo by Lobsang Tsering

Jagdeep Dhankar, Governor of West Bengal with President Dr Lobsang Sangay, Speaker Pema Jungney and other esteemed guests in Kolkata, West Bengal, India, on December 26, 2019. Photo: Office of Sikyong

His Holiness the Dalai Lama is interacting with neuroscientist Richard Davidson. Photo: screenshot

His Holiness speaking on Secular Ethics in Modern Education to members of Mind Mingle by video link from his residence in Dharamsala, HP, India on August 25, 2020. Photo by Ven Tenzin Jamphel

The public hand is both gold and powerful. Photo: File

The fortitude, perseverance, and indomitable spirits of the people of Tibet always remain steadfast, resolute, and unyielding in their quest for the liberation, sovereignty, and self-determination of our fatherland—Tibet. Photo: TPI

Keep calm and secure your data. Photo: TPI

TPI office meeting in 2010. Photo: TPI

May 2024 heralds the 16th commemoration of its inception, a period marked by substantial contributions to justice, freedom, and democracy. Photo: File

Tibetans protest in front of UN headquarters in New York, the site where Tibetan patriot Lobga Rangzen had set himself on fire to protest the Chinese government's repression in Tibet. Photo: file

Dharamshala — After Tibetan independent activists self-immolated in front of the United Nations headquarters in New York. Tibetans, supporters of the Tibetan cause, and human rights advocates expressed their deep sorrow and called for freedom and justice for Tibet. A mass protest by Tibetans took place in front of the United Nations headquarters in New York—the site where Tibetan patriot Lobga Rangzen had set himself on fire to protest the Chinese government's repression of the Tibetan people, language, religion, and culture, to demand independence for Tibet, June 2,2026.

Tibetans held candlelight vigils in tribute to Lobga Rangzen, in New York, Toronto, Paris, Sydney, Dharamshala, and many other places on June 3, 2026. Tibetans held candlelight vigils in tribute to Lobga Rangzen, in New York, Toronto, Paris, Sydney, Dharamshala, and many other places on June 3, 2026. Hundreds of Tibetans and Tibet Supporters filled up the Leh Market and held a candlelight vigil in tribute to Lobga Rangzen, a Tibetan independence activist who set himself on fire outside the United Nations headquarters in New York on June 2, 2026. He carried out this act to protest the Chinese government's repressive policies in Tibet and to demand independence for Tibet.

On June 5, 2026, a mass protest by Tibetans took place in front of the United Nations headquarters in New York—the site where Tibetan patriot Lobga Rangzen had set himself on fire to protest the Chinese government's repression of the Tibetan people, language, religion, and culture—to demand independence for Tibet, June 2,2026.

Tibetans also held a memorial service for Lobga Rangzen at the Tibetan Community Center in New York, followed by his funeral on June 6, 2026. All the Tibetans present were deeply saddened and overcome with grief by the passing of Lobga Rangzen, an independence activist of Tibet.

Sikyong Penpa Tsering of the Central Tibetan Administration expressed deep sorrow over the self-immolation of a Tibetan activist, Lobga Rangzen (Lobsang Palden), in front of the UN Headquarters in New York City on 2 July 2026.

Sikyong said,""I am deeply saddened by the devastating news of Lobga Rangzen's (Lobsang Palden) self-immolation in front of the UN Headquarters in New York City on July 2, 2026. In a video message posted hours prior, he made it clear that this ultimate sacrifice was undertaken for the Tibetan national cause. While we honor his devotion, human life is precious and must be preserved to serve the long-term struggle for Tibet.""

""On behalf of the Central Tibetan Administration (CTA), I earnestly urge all fellow Tibetans to cherish your lives. The unfolding genocide inside Tibet and the enforcement of the draconian ""Ethnic Unity and Progress Law"" on July 1 are what drove Lobga Rangzen la to this tragic decision. He joins at least 157 Tibetans inside Tibet who have offered their lives to draw global attention to the brutal repression endured under Chinese rule,"" Sikyong said.

""Our deepest condolences go out to Lobga Rangzen la's family, friends, and the entire Tibetan community. On behalf of the CTA and the Tibetan people, I solemnly pledge that we will carry the spirit of these sacrifices in our hearts and work relentlessly so they are not in vain. I urgently call upon Tibetans in exile, world governments, and international human rights institutions to recognize the severe crisis inside Tibet, to stand up, and to speak out at this critical moment in our history,"" Sikyong concluded.

United Nations Spokesperson Stéphane Dujarric expressed sadness over the self-immolation that took place outside UN headquarters, emphasising that minorities—regardless of the country—must be respected and feel as part of whole.

President Dr Lobsang Sangay signing Tibetan parliament's Electoral Amendments into Law, at a press conference in Dharamshala, India, on October 3, 2018. Photo: TPI/Yangchen Dolma

Secretary General of IM Ann Svensén looks on as His Holiness the Dalai Lama addresses members of the press in Malmö, Sweden on September 12, 2018. Photo by Jeremy Russell

The Founding Assembly of the ‘Asia Democracy Network’ and the ‘3rd Seoul Democracy Forum’ were held in Seoul, Korea, from 21st to 24th October 2013. Photo: TPI

Liu Xiaobo, Nobel Peace laureate, advocated for human rights in China before his death. Photo: File

The European Parliament is a rubber-stamp parliament - Photo: file

Freedom House lists Tibet as the one of least free country in the world in it's ""Freedom in the World 2024"" report. (Photo: Freedom House)

Tibetan delegation met with PP Chaudhary, Chairman of the Parliamentary Standing Committee of External Affairs on New Delhi, India, on December 6, 2023. (Photo: file)

Hong Kong: RSF representative detained and deported on attempt to monitor Jimmy Lai’s national security trial. Photo: RSF

Swedish parliamentary delegation led by Chairperson MP Margareta Cederfelt, accompanied by Representative Sonam Tsering Frasi and Secretary Lobsang Choedon Samten of Office of Tibet, London with His Holiness the Dalai Lama during their visit to Dharamsala in September 2023. (Photo: HHDL)

Representative Chris Smtih (R-NJ) and Senator Jeff Merkley (D-OR), respectively chairman and co-chairman of the bipartisan and bicameral Congressional-Executive Commission on China (CECC). (Photo: file)

Over 62 Tibetans shaved their heads in front of UN, NY, on July 30, 2026, in solidarity with Tibetan martyr Lobga Rangzen and all those who have sacrificed their lives for a free Tibet. Photo:Tenzin Wangdu Rangzen

Tsering Dolma and Yangchen Dolkar, Tenzin sangmo and Youndoung held the press conference at Guwahatu Press Club, on July 29, 2026. Photo:file

Tibetan monks and nuns expelling from the Larung Gar and forced them to go home in the buses, in 2017. Photo: TPI

Six Tibetan women participating in the TYC's ongong hunger strike protest against the CCP, July 27, 2026. Photo: TPI

Serthar Larung Five Sciences Buddhist Academy, the world’s largest Tibetan Buddhist institute. Photo: File

His Holiness the Dalai Lama, Dharamshala. Photo: TPI

Chinese pro-democracy activist Zhang Yi, behind of the Potala Palace, Lhasa, Tibet.  Photo: Renquanwang

Tibet was always known to be a country until China invaded and took it over. The National Flag of Tibet at a military parade in Lhasa, Capital of Tibet in 1938. Photo: File

Lobga Rangzen (inset), a Tibetan American set himself on fire outside the United Nations to protest the Chinese occupation of his native home Tibet, on Thursday, July 2, 2026. (Lobga Rangzen via Facebook)

Left: Lobsang Tsering, Gonpo Dhondup, Karma Yeshe, Lobsang Yeshe, Tenzin Lhamo, and Penpa Tsering, participating in the hunger strike, July 19, 2026. Photo: TYC"
17,tibetpost,english,Over 60 Tibetans shave their heads in solidarity with Tibetan martyr Lobga Rangzen - Tibet Post International,,2026-06-12T00:00:00+00:00,https://www.thetibetpost.com/news/exile/over-60-tibetans-shave-their-heads-in-solidarity-with-tibetan-martyr-lobga-rangzen,14044,"Tibet has a rich history as a sovereign nation until the 1950s when it was invaded by China. [Photo: File]

Where is Tibet located on a map?

Lama turns to iPhone to spread app-ness. Photo: Hürriyet Daily News

""2008 Uprising Experiences: Roar of truth at the cost of one’s life,"" launched Dharamshala, on June 12, 2026. Photo: TPI

left: Tsering Choephel, Vijay Kranti and Tenzin Tsundue launching the book ""China's Colonial Game in Tibet"" in Dharamshala, March 6, 2026. Photo: TPI

Central Tibetan Administration commemorates the 67th National Uprising of Tibet in the Dharamshala, on March 10, 2026. Photo: TPI

Tibet Museum organised an exhibition titled ""Frontier Diplomacy: Britain, Tibet, and Sir Basil Gould"" at the Tibet Museum Dharamshala) on April 3, 2026. Photo: TPI

Tibetan community of Switzerland and Liechtenstein launched a week of peaceful rally and solidarity walk from the Swiss Federal Parliament (Bundeshaus) in Bern,on March 4, 2026. Photo: Office of Tibet, Geneva

Foreign Ministers of countries. Photo:file

His Holiness the Dalai Lama joined the celebration of his 91st birthday, at Shewatsel Teaching Ground in Leh, Ladakh, on July 6, 2026. Photo:TPI

Tibetans in Dingri County suffering from the earthquake, on Janunary 7, 2025. Photo: TPI

An Australian Parliamentary Delegation, led by Senator Derryn Hinch and Deputy Leader Kevin Andrews MP, visited Dharamshala, the seat of the Central Tibetan Administration, during a four-day official visit from 20–23 November 2017. Photo: File.

His Holiness the Dalai Lama during his meeting with intellectuals, academics and diplomats at the Taj Hotel in New Delhi, India on September 21, 2019. Photo by Tenzin Choejor

Ngawang Jorgyal, a mathematics and Science teacher at Gaden monastery, South India. Photo : Ngawang Jorgyal

President Dr Lobsang Sangay joins a panel discussion on ‘China: Human Rights in the 21st Century Digital Surveillance’ at Charles University, Prague, 15 October 15, 2019. Photo: Sikyong Office

ICT’s Executive Director for Germany Kai Mueller speaks to the Human Rights Committee of the Bundestag. Photo: ICT Germany

Tempa Gyaltsen Zamlha, Director of Environment and Development Desk. Photo: Tempa

The Khumbu Glacier, Nepal. Credit: Eugene Ga/Shutterstock

His Holiness the Dalai Lama's message on the 50th anniversary of Earth Day. Photo: OHHDL

His Holiness the Dalai Lama speaking to Amity University students by video conference from his residence in Dharamsala, HP, India on June 26, 2020. Photo by Ven Tenzin Jamphel

His Holiness the Dalai Lama with Prof Dheeraj Sharma, Director of the Indian Institute of Management, Rohtak, on December 23,2021. Photo: Tenzin Jamphel

Communist authoritarianism, totalitarianism, censorship, and complete control. Photo: AI generated.

The despotic, self-imposed communist regime in China constitutes a significant and unpredictable threat, with far-reaching consequences across the globe. Photo: TPI

Tibetan activist Leden from Delhi, India. Photo: TPI

Sonam Tsering, General Secretary of Tibet Youth Congress on June 26, 2024. (Photo:TPI)

Tibetan activist Tenzin Tsundue, Dharamshala, on December 22, 2021. Photo: TPI/Yangchen Dolma

The Book, My Life – Born in Free Tibet, Served in Exile and the author Tashi Wangdi in Dharamshala, on June 7, 2024. Photo: TPI/Yangchen Dolma

China inside the contemporary censorship and propaganda warfare in the twenty-first century. Photo: TPI

Authors of ""TIBET EXPLAINED – Legal Status, Rights and State Responsibility"", Michael Van Walt Van Praag and Miek Boltjes. Photo:TPI

Author Amy Yee and her new book Far from the Roof of the World. Photo: Amy Yee/TPI

Tibetan Major Rivers. Photo: file

The SangqChu (Chinese: Xiahe) County Government's announcement, issued on November 16, 2022. Photo: file

Snow Mountains of Tibet. Photo: file

Climate activist Sonam Wangchuk holding a block of ice from Ladakh, to be presented to His Holiness the Dalai Lama. Photo: TPI/Yangchen Dolma

His Holiness the 14th Dalai Lama at a virtual conference with environmental activist Greta Thunberg, and two leading scientists, William Moomaw and Susan Natali on January 10, 2021.

Sandesh Meshram alias Samten Yeshi, General Secretary of the India-Tibet Friendship Society, Nagpur, Maharashtra, India, has launched his fifth cycle rally titled ""Jannagaran Cycle Yatra"" on November 4, 2023. (Photo: file)

images/stories/Pics-2023/September/Tibet-water-rivers-2023.png#joomlaImage://local-images/stories/Pics-2023/September/Tibet-water-rivers-2023.png?width=1004&height=603

Tenzin Delek Rinpoche's Medal of Courage 2022 was awarded to A-Nya Sengdra, the environmental and anti-corruption activist on July 12, 2022. Photo: TPI

Dr Lobsang Sangay President of Central Tibetan Administration rejects China’s latest claims on the Panchen Lama. Photo: DIIR/CTA

Representatives of the leading Tibetan NGOs raised banners with slogans as such ""We strongly condemn China's aggression on Indian territory"" and ""Tibet's Independence, India's Security,"" in Dharamshala, india, on June 18, 2020. Photo: TPI/Yangchen Dolma

His Holiness the Dalai Lama of Tibet. Photo: TPI/Yeshe Choesang

His Holiness speaking on ""Love and Compassion - A Way of Life"" at the Bihar Judicial Academy in Patna, Bihar, India on January 18, 2020. Photo by Lobsang Tsering

Jagdeep Dhankar, Governor of West Bengal with President Dr Lobsang Sangay, Speaker Pema Jungney and other esteemed guests in Kolkata, West Bengal, India, on December 26, 2019. Photo: Office of Sikyong

His Holiness the Dalai Lama is interacting with neuroscientist Richard Davidson. Photo: screenshot

His Holiness speaking on Secular Ethics in Modern Education to members of Mind Mingle by video link from his residence in Dharamsala, HP, India on August 25, 2020. Photo by Ven Tenzin Jamphel

The public hand is both gold and powerful. Photo: File

The fortitude, perseverance, and indomitable spirits of the people of Tibet always remain steadfast, resolute, and unyielding in their quest for the liberation, sovereignty, and self-determination of our fatherland—Tibet. Photo: TPI

Keep calm and secure your data. Photo: TPI

TPI office meeting in 2010. Photo: TPI

May 2024 heralds the 16th commemoration of its inception, a period marked by substantial contributions to justice, freedom, and democracy. Photo: File

Over 62 Tibetans shaved their heads in front of UN, NY, on July 30, 2026, in solidarity with Tibetan martyr Lobga Rangzen and all those who have sacrificed their lives for a free Tibet. Photo:Tenzin Wangdu Rangzen

Dharamshala — More than 60 Tibetans shaved their heads in solidarity with Tibetan martyr Lobga Rangzen and all those who have sacrificed their lives for a free Tibet; Lobga Rangzen had set himself on fire in front of the United Nations headquarters to protest against China's illegal occupation of Tibet, its oppressive actions in the region, and the genocidal policies implementing in Tibet.

This Head-shaving movement took place in front of United Nations headquarters, in New York, on July 30, 2026 and it is orgainsed by 19th Regional Tibetan Youth Congress of NY&NY. They said,""This act of sacrifice is a symbol of our unwavering commitment to justice, truth, and the independence of our nation. We call upon the United Nations to uphold the principles it was founded on and stand for justice. The world cannot remain silent.""

They collected the shaved hair and wrote ""Justice for Lobga Rangzen"" to commemorate Lhogar Rangren's sacrifice for a free and independent Tibet and to seek justice for him. They also shouted slogans such as ""Justice for Lhogar Rangren,"" ""Free Tibet,"" ""China, out of Tibet now,"" and ""United Nations, wake up"" in front of the United Nations headquarters in New York.

Following the head-shaving movement, hundreds of Tibetans gathered in front of the United Nations headquarters in New York, the site where Tibetan martyr Lobga Rangzen self-immolated. They protested China's forced invasion of Tibet, destruction of Tibetan Buddhist monasteries, environmental damage, and the killing of over two million Tibetans, and its continued repressive and harsh policies against Tibetans, Tibetan culture, language, freedom of expression, religion, and belief, including the arrest, torture, and imprisonment of any Tibetan exercising their basic rights.

During their protest, they held up signs that read: ""UN, when will you stop being silenced by China?"", ""UN, how many more lives do you need?"", ""Tibet belongs to Tibetans, not China"", ""Communist China, hands off Tibet"", We want an independent for Tibet"", ""Protect Tibet's Faith, Culture and Nation"",""Lobga Rangzen is a US citizen, we want justice"".

Jamphel Choesang, President of 19th Regional Tibetan Youth Congress New York/New Jersey addressed the gathering and said, ""Dear Tibetan brothers and sisters, Today, I stand before you not only as the President of the 19th Regional Tibetan Youth Congress New York/New Jersey, but as a fellow Tibetan whose heart carries the same hope, pain, and unwavering love for our homeland.

""Our martyrs gave everything they had for Tibet. They did not sacrifice for themselves—they sacrificed for all of us, for future generations, and for the dream of a free and independent Tibet. Their courage must never be forgotten, and their sacrifices must never be in vain.

""Our beloved Pawo Lobga Rangzen la made the ultimate sacrifice to awaken the conscience of the world and to remind us that Tibet’s struggle is far from over. His message was clear: never give up on Tibet.

""Today, I humbly call upon every Tibetan brother and sister: please stand up for our country. Join our protests whenever you can. Raise your voice for justice. Your presence matters. Every person standing together sends a powerful message that Tibet lives in our hearts and that we will never surrender our identity, our culture, or our dream of freedom.

""Let us stand united—not divided. Let us work together as one family, one community, and one nation. When we support one another with respect, compassion, and determination, there is nothing stronger than our unity.

""The responsibility to continue this movement belongs to every one of us. Whether young or old, student or professional, every effort counts. Every protest, every prayer, every act of service, and every voice raised for Tibet keeps the flame of our martyrs burning brightly.

""Let us honor Pawo Lobga Rangzen la and all our martyrs not only with words, but through our actions. Let us continue the path they showed us with courage, discipline, and unwavering commitment.

""We call upon the international community and the United Nations to hear the voices of the Tibetan people and to seek justice for Pawo Lobga Rangzen la. His sacrifice deserves to be remembered, and the Tibetan people’s aspirations deserve to be heard.

""Together, let us pledge that we will never allow our martyrs’ sacrifices to be forgotten. We will continue to stand for truth, justice, and the freedom of Tibet until the day our nation is free.""

President Dr Lobsang Sangay signing Tibetan parliament's Electoral Amendments into Law, at a press conference in Dharamshala, India, on October 3, 2018. Photo: TPI/Yangchen Dolma

Secretary General of IM Ann Svensén looks on as His Holiness the Dalai Lama addresses members of the press in Malmö, Sweden on September 12, 2018. Photo by Jeremy Russell

The Founding Assembly of the ‘Asia Democracy Network’ and the ‘3rd Seoul Democracy Forum’ were held in Seoul, Korea, from 21st to 24th October 2013. Photo: TPI

Liu Xiaobo, Nobel Peace laureate, advocated for human rights in China before his death. Photo: File

The European Parliament is a rubber-stamp parliament - Photo: file

Freedom House lists Tibet as the one of least free country in the world in it's ""Freedom in the World 2024"" report. (Photo: Freedom House)

Tibetan delegation met with PP Chaudhary, Chairman of the Parliamentary Standing Committee of External Affairs on New Delhi, India, on December 6, 2023. (Photo: file)

Hong Kong: RSF representative detained and deported on attempt to monitor Jimmy Lai’s national security trial. Photo: RSF

Swedish parliamentary delegation led by Chairperson MP Margareta Cederfelt, accompanied by Representative Sonam Tsering Frasi and Secretary Lobsang Choedon Samten of Office of Tibet, London with His Holiness the Dalai Lama during their visit to Dharamsala in September 2023. (Photo: HHDL)

Representative Chris Smtih (R-NJ) and Senator Jeff Merkley (D-OR), respectively chairman and co-chairman of the bipartisan and bicameral Congressional-Executive Commission on China (CECC). (Photo: file)

Over 62 Tibetans shaved their heads in front of UN, NY, on July 30, 2026, in solidarity with Tibetan martyr Lobga Rangzen and all those who have sacrificed their lives for a free Tibet. Photo:Tenzin Wangdu Rangzen

Tsering Dolma and Yangchen Dolkar, Tenzin sangmo and Youndoung held the press conference at Guwahatu Press Club, on July 29, 2026. Photo:file

Tibetan monks and nuns expelling from the Larung Gar and forced them to go home in the buses, in 2017. Photo: TPI

Six Tibetan women participating in the TYC's ongong hunger strike protest against the CCP, July 27, 2026. Photo: TPI

Serthar Larung Five Sciences Buddhist Academy, the world’s largest Tibetan Buddhist institute. Photo: File

His Holiness the Dalai Lama, Dharamshala. Photo: TPI

Chinese pro-democracy activist Zhang Yi, behind of the Potala Palace, Lhasa, Tibet.  Photo: Renquanwang

Tibet was always known to be a country until China invaded and took it over. The National Flag of Tibet at a military parade in Lhasa, Capital of Tibet in 1938. Photo: File

Lobga Rangzen (inset), a Tibetan American set himself on fire outside the United Nations to protest the Chinese occupation of his native home Tibet, on Thursday, July 2, 2026. (Lobga Rangzen via Facebook)

Left: Lobsang Tsering, Gonpo Dhondup, Karma Yeshe, Lobsang Yeshe, Tenzin Lhamo, and Penpa Tsering, participating in the hunger strike, July 19, 2026. Photo: TYC"
18,tibetpost,english,"Tibetans in northeastern India reject so-called China's “Ethnic Unity law"" and demand freedom in Tibet - Tibet Post International",,2026-06-12T00:00:00+00:00,https://www.thetibetpost.com/news/exile/tibetans-in-northeastern-india-reject-so-called-china-s-“ethnic-unity-law-and-demand-freedom-in-tibet,15423,"Tibet has a rich history as a sovereign nation until the 1950s when it was invaded by China. [Photo: File]

Where is Tibet located on a map?

Lama turns to iPhone to spread app-ness. Photo: Hürriyet Daily News

""2008 Uprising Experiences: Roar of truth at the cost of one’s life,"" launched Dharamshala, on June 12, 2026. Photo: TPI

left: Tsering Choephel, Vijay Kranti and Tenzin Tsundue launching the book ""China's Colonial Game in Tibet"" in Dharamshala, March 6, 2026. Photo: TPI

Central Tibetan Administration commemorates the 67th National Uprising of Tibet in the Dharamshala, on March 10, 2026. Photo: TPI

Tibet Museum organised an exhibition titled ""Frontier Diplomacy: Britain, Tibet, and Sir Basil Gould"" at the Tibet Museum Dharamshala) on April 3, 2026. Photo: TPI

Tibetan community of Switzerland and Liechtenstein launched a week of peaceful rally and solidarity walk from the Swiss Federal Parliament (Bundeshaus) in Bern,on March 4, 2026. Photo: Office of Tibet, Geneva

Foreign Ministers of countries. Photo:file

His Holiness the Dalai Lama joined the celebration of his 91st birthday, at Shewatsel Teaching Ground in Leh, Ladakh, on July 6, 2026. Photo:TPI

Tibetans in Dingri County suffering from the earthquake, on Janunary 7, 2025. Photo: TPI

An Australian Parliamentary Delegation, led by Senator Derryn Hinch and Deputy Leader Kevin Andrews MP, visited Dharamshala, the seat of the Central Tibetan Administration, during a four-day official visit from 20–23 November 2017. Photo: File.

His Holiness the Dalai Lama during his meeting with intellectuals, academics and diplomats at the Taj Hotel in New Delhi, India on September 21, 2019. Photo by Tenzin Choejor

Ngawang Jorgyal, a mathematics and Science teacher at Gaden monastery, South India. Photo : Ngawang Jorgyal

President Dr Lobsang Sangay joins a panel discussion on ‘China: Human Rights in the 21st Century Digital Surveillance’ at Charles University, Prague, 15 October 15, 2019. Photo: Sikyong Office

ICT’s Executive Director for Germany Kai Mueller speaks to the Human Rights Committee of the Bundestag. Photo: ICT Germany

Tempa Gyaltsen Zamlha, Director of Environment and Development Desk. Photo: Tempa

The Khumbu Glacier, Nepal. Credit: Eugene Ga/Shutterstock

His Holiness the Dalai Lama's message on the 50th anniversary of Earth Day. Photo: OHHDL

His Holiness the Dalai Lama speaking to Amity University students by video conference from his residence in Dharamsala, HP, India on June 26, 2020. Photo by Ven Tenzin Jamphel

His Holiness the Dalai Lama with Prof Dheeraj Sharma, Director of the Indian Institute of Management, Rohtak, on December 23,2021. Photo: Tenzin Jamphel

Communist authoritarianism, totalitarianism, censorship, and complete control. Photo: AI generated.

The despotic, self-imposed communist regime in China constitutes a significant and unpredictable threat, with far-reaching consequences across the globe. Photo: TPI

Tibetan activist Leden from Delhi, India. Photo: TPI

Sonam Tsering, General Secretary of Tibet Youth Congress on June 26, 2024. (Photo:TPI)

Tibetan activist Tenzin Tsundue, Dharamshala, on December 22, 2021. Photo: TPI/Yangchen Dolma

The Book, My Life – Born in Free Tibet, Served in Exile and the author Tashi Wangdi in Dharamshala, on June 7, 2024. Photo: TPI/Yangchen Dolma

China inside the contemporary censorship and propaganda warfare in the twenty-first century. Photo: TPI

Authors of ""TIBET EXPLAINED – Legal Status, Rights and State Responsibility"", Michael Van Walt Van Praag and Miek Boltjes. Photo:TPI

Author Amy Yee and her new book Far from the Roof of the World. Photo: Amy Yee/TPI

Tibetan Major Rivers. Photo: file

The SangqChu (Chinese: Xiahe) County Government's announcement, issued on November 16, 2022. Photo: file

Snow Mountains of Tibet. Photo: file

Climate activist Sonam Wangchuk holding a block of ice from Ladakh, to be presented to His Holiness the Dalai Lama. Photo: TPI/Yangchen Dolma

His Holiness the 14th Dalai Lama at a virtual conference with environmental activist Greta Thunberg, and two leading scientists, William Moomaw and Susan Natali on January 10, 2021.

Sandesh Meshram alias Samten Yeshi, General Secretary of the India-Tibet Friendship Society, Nagpur, Maharashtra, India, has launched his fifth cycle rally titled ""Jannagaran Cycle Yatra"" on November 4, 2023. (Photo: file)

images/stories/Pics-2023/September/Tibet-water-rivers-2023.png#joomlaImage://local-images/stories/Pics-2023/September/Tibet-water-rivers-2023.png?width=1004&height=603

Tenzin Delek Rinpoche's Medal of Courage 2022 was awarded to A-Nya Sengdra, the environmental and anti-corruption activist on July 12, 2022. Photo: TPI

Dr Lobsang Sangay President of Central Tibetan Administration rejects China’s latest claims on the Panchen Lama. Photo: DIIR/CTA

Representatives of the leading Tibetan NGOs raised banners with slogans as such ""We strongly condemn China's aggression on Indian territory"" and ""Tibet's Independence, India's Security,"" in Dharamshala, india, on June 18, 2020. Photo: TPI/Yangchen Dolma

His Holiness the Dalai Lama of Tibet. Photo: TPI/Yeshe Choesang

His Holiness speaking on ""Love and Compassion - A Way of Life"" at the Bihar Judicial Academy in Patna, Bihar, India on January 18, 2020. Photo by Lobsang Tsering

Jagdeep Dhankar, Governor of West Bengal with President Dr Lobsang Sangay, Speaker Pema Jungney and other esteemed guests in Kolkata, West Bengal, India, on December 26, 2019. Photo: Office of Sikyong

His Holiness the Dalai Lama is interacting with neuroscientist Richard Davidson. Photo: screenshot

His Holiness speaking on Secular Ethics in Modern Education to members of Mind Mingle by video link from his residence in Dharamsala, HP, India on August 25, 2020. Photo by Ven Tenzin Jamphel

The public hand is both gold and powerful. Photo: File

The fortitude, perseverance, and indomitable spirits of the people of Tibet always remain steadfast, resolute, and unyielding in their quest for the liberation, sovereignty, and self-determination of our fatherland—Tibet. Photo: TPI

Keep calm and secure your data. Photo: TPI

TPI office meeting in 2010. Photo: TPI

May 2024 heralds the 16th commemoration of its inception, a period marked by substantial contributions to justice, freedom, and democracy. Photo: File

Tsering Dolma and Yangchen Dolkar, Tenzin sangmo and Youndoung held the press conference at Guwahatu Press Club, on July 29, 2026. Photo:file

Dharamshala — Shilong-led northeast India Tibetan People's Movement held a press conference at the Guwahatu Press Club, to address the ongoing human rights crisis in Tibet, which led to the self-immolation of Tibetan activist Lobga Rangzen, in front of UN headquarters in New York, on July 2, 2026. They told the media about who is Tibetan independent activist Lobga Rangzen and why he self-immolated in front of UN headquarters in New York. They further recalled China's invasion of Tibet and denounced the Chinese government's eradication of Tibetan language, identity, culture, and religion in the name of so-called China's “Law on Ethnic Unity and Progress""; finally they rejected the law by tearing the law paper, in front of reporters.

Shilong-led northeast India Tibetan People's Movement, planned to organise a large peaceful protest in Guwahati (Assam) on July 29, 2026, to protest against China's so-called ""Ethnic Unity Law"" and demand freedom, justice, and respect for human rights in Tibet. Tibetans from various northeastern states—including Dimapur (Nagaland), Tawang (Arunachal Pradesh), Tezpur (Assam), Shillong (Meghalaya), and Guwahati (Assam)—were set to participate; however, due to flooding in Assam, the demonstration had to be postponed, and a press conference was held instead on the originally scheduled date of July 29, 2026.

Two former members of Tibetan Parliament-in-exile, Tsering Dolma and Yangchen Dolkar, Tenzin sangmo, media coordinator and Youndoung, secretary of Shilong-led northeast India Tibetan People's Movement held the press conference.

The statement of the Shilong-led northeast India Tibetan People's Movement said,"" Lobga Rangzen, a 52-year-old Tibetan activist, died after a self-immolation protest he carried out in front of the UN headquarters in New York City on July 2, 2026. He called for the restoration of Tibet's independence and spoke against the imposition of China's ""Ethnic Unity and Progress Law"" that went into force on July 1 in Tibet. Tibetans reject this law as it is designed to legitimise the imposition of sinicization policies in Tibet. Tibetans are not an ethnic minority of China to be subjected to its ethnic unity law in the name of unity and progress.

""In 1950, the People's Liberation Army entered Tibet, fundomentally changing the course of Tibetan history. Following the 1959 Tibetan Uprising, His Holiness the 14th Dalai Lama and approximately 80,000 Tibetans fled into exile in India. Since China's military occupation of Tibet, Tibetans have lived under policies that many governments, UN experts and international human rights organisations say have severely restricted fundamental rights.

""More than 170 Tibetans have self-immolated since 2009, pealing in 2012 with 85 self-immolations in one year. All the self-immolators unanimously called for freedom in Tibet, the protection of Tibetan Identity, the return of His Holiness the Dalai lama to Tibet, and unity among Tibetans. His Holiness the 14th Dalal Lama and the exile government continue to make efforts toward peaceful resolution of the Sino-Tibetan conflict through its ""Middle Way Approach"". However, China has only turned a cold shoulder to the proposals and responds with rhetoric that undermines the spirit of dialogue. It has put the Tibetans in a difficult position of experiencing the worsening human rights situation in Tibet, while watching China intensify its hold on Tibet. Self-Immolations don't occur in a vacuum, but as a result of deep-seated anguish and exhaustion of tangible recourse.

""On July 1, 2026, China's ""Ethnic Unity and Progress Law"" come into force. According to the Chinese government, the law ""promotes national unity"". However, eight UN human rights experts and international human rights organisations have warned that it further institutionalizes policies affecting the linguistic, cultural and religious rights of ethnic minorities.

There are major factual inaccuracies in the law and in the UN response:

• Tibet is not part of China to be absorbed into the project of national unity• Tibetans are minoritised by the Chinese occupation and are not one of the ethnic minority groups China claims to constitute.• China is ethnically Han Chinese dominated, with no historical, cultural, racial, linguistic or political association with the Tibetans, except as the dominast race of the colonising power.

""On the ground in Tibet, the law has real time impact on education, language, religion and cultural rights as it mandates cultural integration. The single Chinese national identity it promotes includes provisions with extraterritorial application, raising concerns that it could exacerbate the patterns of transnational repression against individuals and organisations globally. For many Tibetans, the law is seen not as a new policy but as the formal codification of decades of assimilation measures through instrumentalisation of law.

""Why should India and northeast care for Tibet. The Tibetan Plateau forms much of the strategic frontier between India and China. Since China's occupation of Tibet, the Himalayan region has become one of Asia's most heavily militarised borders. China has escalated its territorial claims over Arunachal Pradesh, referring to it as ""South Tibet,"" and maintains unresolved border disputes with India in eastern Ladakh. These disputes have contributed to recurring military tensions, including the 2020 Galwan Valley clash.

""For the people of Northeast India, Tibet is not only a human rights issue—it is also an environmental and regional concern. The Brahmaputra (Yarlung Tsangpo) originates on the Tibetan Plateau before flowing through Arunachal Pradesh and Assam, sustaining millions of people. Decisions affecting Tibet's rivers and fragile ecosystem-including dam construction, hydropower stations, water diversion, and mining have implications for communities downstream that constitute two billion people.""

President Dr Lobsang Sangay signing Tibetan parliament's Electoral Amendments into Law, at a press conference in Dharamshala, India, on October 3, 2018. Photo: TPI/Yangchen Dolma

Secretary General of IM Ann Svensén looks on as His Holiness the Dalai Lama addresses members of the press in Malmö, Sweden on September 12, 2018. Photo by Jeremy Russell

The Founding Assembly of the ‘Asia Democracy Network’ and the ‘3rd Seoul Democracy Forum’ were held in Seoul, Korea, from 21st to 24th October 2013. Photo: TPI

Liu Xiaobo, Nobel Peace laureate, advocated for human rights in China before his death. Photo: File

The European Parliament is a rubber-stamp parliament - Photo: file

Freedom House lists Tibet as the one of least free country in the world in it's ""Freedom in the World 2024"" report. (Photo: Freedom House)

Tibetan delegation met with PP Chaudhary, Chairman of the Parliamentary Standing Committee of External Affairs on New Delhi, India, on December 6, 2023. (Photo: file)

Hong Kong: RSF representative detained and deported on attempt to monitor Jimmy Lai’s national security trial. Photo: RSF

Swedish parliamentary delegation led by Chairperson MP Margareta Cederfelt, accompanied by Representative Sonam Tsering Frasi and Secretary Lobsang Choedon Samten of Office of Tibet, London with His Holiness the Dalai Lama during their visit to Dharamsala in September 2023. (Photo: HHDL)

Representative Chris Smtih (R-NJ) and Senator Jeff Merkley (D-OR), respectively chairman and co-chairman of the bipartisan and bicameral Congressional-Executive Commission on China (CECC). (Photo: file)

Over 62 Tibetans shaved their heads in front of UN, NY, on July 30, 2026, in solidarity with Tibetan martyr Lobga Rangzen and all those who have sacrificed their lives for a free Tibet. Photo:Tenzin Wangdu Rangzen

Tsering Dolma and Yangchen Dolkar, Tenzin sangmo and Youndoung held the press conference at Guwahatu Press Club, on July 29, 2026. Photo:file

Tibetan monks and nuns expelling from the Larung Gar and forced them to go home in the buses, in 2017. Photo: TPI

Six Tibetan women participating in the TYC's ongong hunger strike protest against the CCP, July 27, 2026. Photo: TPI

Serthar Larung Five Sciences Buddhist Academy, the world’s largest Tibetan Buddhist institute. Photo: File

His Holiness the Dalai Lama, Dharamshala. Photo: TPI

Chinese pro-democracy activist Zhang Yi, behind of the Potala Palace, Lhasa, Tibet.  Photo: Renquanwang

Tibet was always known to be a country until China invaded and took it over. The National Flag of Tibet at a military parade in Lhasa, Capital of Tibet in 1938. Photo: File

Lobga Rangzen (inset), a Tibetan American set himself on fire outside the United Nations to protest the Chinese occupation of his native home Tibet, on Thursday, July 2, 2026. (Lobga Rangzen via Facebook)

Left: Lobsang Tsering, Gonpo Dhondup, Karma Yeshe, Lobsang Yeshe, Tenzin Lhamo, and Penpa Tsering, participating in the hunger strike, July 19, 2026. Photo: TYC"
19,tibetpost,english,U.S. Senate introduces bipartisan resolution on the China's “Ethnic Unity and Progress Law” - Tibet Post International,,2026-06-12T00:00:00+00:00,https://www.thetibetpost.com/news/international/u-s-senate-introduces-bipartisan-resolution-on-the-china-s-“ethnic-unity-and-progress-law”,16168,"Tibet has a rich history as a sovereign nation until the 1950s when it was invaded by China. [Photo: File]

Where is Tibet located on a map?

Lama turns to iPhone to spread app-ness. Photo: Hürriyet Daily News

""2008 Uprising Experiences: Roar of truth at the cost of one’s life,"" launched Dharamshala, on June 12, 2026. Photo: TPI

left: Tsering Choephel, Vijay Kranti and Tenzin Tsundue launching the book ""China's Colonial Game in Tibet"" in Dharamshala, March 6, 2026. Photo: TPI

Central Tibetan Administration commemorates the 67th National Uprising of Tibet in the Dharamshala, on March 10, 2026. Photo: TPI

Tibet Museum organised an exhibition titled ""Frontier Diplomacy: Britain, Tibet, and Sir Basil Gould"" at the Tibet Museum Dharamshala) on April 3, 2026. Photo: TPI

Tibetan community of Switzerland and Liechtenstein launched a week of peaceful rally and solidarity walk from the Swiss Federal Parliament (Bundeshaus) in Bern,on March 4, 2026. Photo: Office of Tibet, Geneva

Foreign Ministers of countries. Photo:file

His Holiness the Dalai Lama joined the celebration of his 91st birthday, at Shewatsel Teaching Ground in Leh, Ladakh, on July 6, 2026. Photo:TPI

Tibetans in Dingri County suffering from the earthquake, on Janunary 7, 2025. Photo: TPI

An Australian Parliamentary Delegation, led by Senator Derryn Hinch and Deputy Leader Kevin Andrews MP, visited Dharamshala, the seat of the Central Tibetan Administration, during a four-day official visit from 20–23 November 2017. Photo: File.

His Holiness the Dalai Lama during his meeting with intellectuals, academics and diplomats at the Taj Hotel in New Delhi, India on September 21, 2019. Photo by Tenzin Choejor

Ngawang Jorgyal, a mathematics and Science teacher at Gaden monastery, South India. Photo : Ngawang Jorgyal

President Dr Lobsang Sangay joins a panel discussion on ‘China: Human Rights in the 21st Century Digital Surveillance’ at Charles University, Prague, 15 October 15, 2019. Photo: Sikyong Office

ICT’s Executive Director for Germany Kai Mueller speaks to the Human Rights Committee of the Bundestag. Photo: ICT Germany

Tempa Gyaltsen Zamlha, Director of Environment and Development Desk. Photo: Tempa

The Khumbu Glacier, Nepal. Credit: Eugene Ga/Shutterstock

His Holiness the Dalai Lama's message on the 50th anniversary of Earth Day. Photo: OHHDL

His Holiness the Dalai Lama speaking to Amity University students by video conference from his residence in Dharamsala, HP, India on June 26, 2020. Photo by Ven Tenzin Jamphel

His Holiness the Dalai Lama with Prof Dheeraj Sharma, Director of the Indian Institute of Management, Rohtak, on December 23,2021. Photo: Tenzin Jamphel

Communist authoritarianism, totalitarianism, censorship, and complete control. Photo: AI generated.

The despotic, self-imposed communist regime in China constitutes a significant and unpredictable threat, with far-reaching consequences across the globe. Photo: TPI

Tibetan activist Leden from Delhi, India. Photo: TPI

Sonam Tsering, General Secretary of Tibet Youth Congress on June 26, 2024. (Photo:TPI)

Tibetan activist Tenzin Tsundue, Dharamshala, on December 22, 2021. Photo: TPI/Yangchen Dolma

The Book, My Life – Born in Free Tibet, Served in Exile and the author Tashi Wangdi in Dharamshala, on June 7, 2024. Photo: TPI/Yangchen Dolma

China inside the contemporary censorship and propaganda warfare in the twenty-first century. Photo: TPI

Authors of ""TIBET EXPLAINED – Legal Status, Rights and State Responsibility"", Michael Van Walt Van Praag and Miek Boltjes. Photo:TPI

Author Amy Yee and her new book Far from the Roof of the World. Photo: Amy Yee/TPI

Tibetan Major Rivers. Photo: file

The SangqChu (Chinese: Xiahe) County Government's announcement, issued on November 16, 2022. Photo: file

Snow Mountains of Tibet. Photo: file

Climate activist Sonam Wangchuk holding a block of ice from Ladakh, to be presented to His Holiness the Dalai Lama. Photo: TPI/Yangchen Dolma

His Holiness the 14th Dalai Lama at a virtual conference with environmental activist Greta Thunberg, and two leading scientists, William Moomaw and Susan Natali on January 10, 2021.

Sandesh Meshram alias Samten Yeshi, General Secretary of the India-Tibet Friendship Society, Nagpur, Maharashtra, India, has launched his fifth cycle rally titled ""Jannagaran Cycle Yatra"" on November 4, 2023. (Photo: file)

images/stories/Pics-2023/September/Tibet-water-rivers-2023.png#joomlaImage://local-images/stories/Pics-2023/September/Tibet-water-rivers-2023.png?width=1004&height=603

Tenzin Delek Rinpoche's Medal of Courage 2022 was awarded to A-Nya Sengdra, the environmental and anti-corruption activist on July 12, 2022. Photo: TPI

Dr Lobsang Sangay President of Central Tibetan Administration rejects China’s latest claims on the Panchen Lama. Photo: DIIR/CTA

Representatives of the leading Tibetan NGOs raised banners with slogans as such ""We strongly condemn China's aggression on Indian territory"" and ""Tibet's Independence, India's Security,"" in Dharamshala, india, on June 18, 2020. Photo: TPI/Yangchen Dolma

His Holiness the Dalai Lama of Tibet. Photo: TPI/Yeshe Choesang

His Holiness speaking on ""Love and Compassion - A Way of Life"" at the Bihar Judicial Academy in Patna, Bihar, India on January 18, 2020. Photo by Lobsang Tsering

Jagdeep Dhankar, Governor of West Bengal with President Dr Lobsang Sangay, Speaker Pema Jungney and other esteemed guests in Kolkata, West Bengal, India, on December 26, 2019. Photo: Office of Sikyong

His Holiness the Dalai Lama is interacting with neuroscientist Richard Davidson. Photo: screenshot

His Holiness speaking on Secular Ethics in Modern Education to members of Mind Mingle by video link from his residence in Dharamsala, HP, India on August 25, 2020. Photo by Ven Tenzin Jamphel

The public hand is both gold and powerful. Photo: File

The fortitude, perseverance, and indomitable spirits of the people of Tibet always remain steadfast, resolute, and unyielding in their quest for the liberation, sovereignty, and self-determination of our fatherland—Tibet. Photo: TPI

Keep calm and secure your data. Photo: TPI

TPI office meeting in 2010. Photo: TPI

May 2024 heralds the 16th commemoration of its inception, a period marked by substantial contributions to justice, freedom, and democracy. Photo: File

Washington — U.S Senator Jacky Rosen,Jeff Merkley, John Curtis, and Jim Banks, introduced a Bipartisan Resolution on the China's “Ethnic Unity and Progress Law” in US Senate on June 24, 2026. The resolution condemns China’s ""Ethnic Unity and Progress Law,"" which entered into force on 1 July 2026, and calls on Beijing to end abuses against ethnic and religious minorities, as well as campaigns of transnational repression affecting people in the United States.

The resolution highlighted human rights violations in Tibet, the forced placement of more than one million Tibetan children in colonial-style boarding schools; it also emphasized that the Chinese authorities are violating the fundamental rights and freedoms guaranteed by the Chinese Constitution and international law. It further detailed how the Chinese Communist government imposes repressive policies—both old and new—on Tibetans in Chinese-occupied Tibet; as well as the Sinicisation of the Tibetan language, culture, and religion; the People’s Republic of China’s attempt to control the reincarnation of His Holiness the 14th Dalai Lama of Tibet; and China’s Ethnic Unity Law, which undermines the unity of minority groups.

The resolution states, ""Condemning the People's Republic of China's Ethnic Unity and Progress Law, concerned with its implications on the rights and freedoms, as well as survival of the identity, of Tibetans, Uyghurs, Mongolians, and other affected communities, and calling on the Government of the People's Republic of China to end its abuses and campaigns of transnational repression that undermine United States sovereignty and threaten the safety and freedoms of people in the United States.

""The Constitution of the People's Republic of China guarantees specified rights, including freedom of religious belief and the right of people regarded as minorities to use their own spoken and written languages and preserve their cultural traditions. The People's Republic of China is a State Party to the Convention on the Rights of the Child (CRC) and the International Covenant on Economic, Social and Cultural Rights (ICESCR) and is a signatory to the International Covenant on Civil and Political Rights.

""Chinese authorities have systematically imposed policies that displace ethnic and religious minority communities, separate Tibetan and Uyghur children from their families through state-run boarding schools, limit the use of minority languages, curtail religious practice through intrusive state controls, and compel conformity with ideology mandated by the Chinese Communist Party.

""The policies of the People's Republic of China have threatened the rights and freedoms of a broad range of communities, including Tibetans, Uyghurs, Mongolians, Christians, and other ethnic and religious groups across China, as well as the people of Hong Kong whose civil liberties and autonomy have been systematically eroded in recent years.

""The July 1, 2026, entry into force of the Ethnic Unity and Progress Law of the People's Republic of China institutionalizes and expands coercive assimilation and cultural erasure policies directed toward Tibetans, Uyghurs, Mongolians, Christians, and other groups.The Ethnic Unity and Progress Law codifies the Chinese Communist Party's campaign of ""Sinicization,"" requiring schools, religious institutions, families, media, and cultural organizations to align their activities with Party-mandated ideology.

""The Ethnic Unity and Progress Law criminalizes expression deemed to ""undermine ethnic unity"" or ""create ethnic division"", the Ethnic Unity and Progress Law contains extraterritorial provisions authorising Chinese authorities to pursue ""legal responsibility"" for individuals and organizations outside China, which includes United States citizens who ""undermine ethnic unity"" or challenge the Chinese Communist Party's official historical narratives.""

""The Ethnic Unity and Progress Law expands state authority over religious institutions in ways that threaten the ability of Tibetan Buddhist leaders to determine matters of religious tradition, including the succession of the Dalai Lama; and the Ethnic Unity and Progress Law represents a grave escalation in the campaign of the People's Republic of China to suppress ethnic, religious, cultural, and linguistic diversity and, when combined with the Chinese Government's expanding campaigns of transnational repression, illegal overseas police operations, and extraterritorial claims of authority, poses a growing threat to the United States and its allies.

Resolved, That the Senate-(1) condemns the Ethnic Unity and Progress Law for institutionalizing coercive assimilation, cultural erasure, and ideological control over ethnic and religious minorities in the People's Republic of China;(2) reaffirms support for the fundamental rights and freedoms of Tibetans, Uyghurs, Mongolians, Hui Muslims, Christians, and other ethnic and religious communities in the People's Republic of China;(3) reaffirms the 2021 determination of the United States Department of State that the Government of the People's Republic of China is committing genocide and crimes against humanity against Uyghurs and other predominantly Muslim Turkic people,(4) calls on the Government of the People's Republic of China to repeal the Ethnic Unity and Progress Law;(5) urges the United States Department of State to work with allies and partners, including the European Union, Canada, Japan, Australia, and the United Kingdom, to monitor and report on the impacts of the Ethnic Unity and Progress Law and on going transnational repression carried out by the People's Republic of China;(6) calls on the President to evaluate and consider targeted sanctions under the Global Magnitsky Human Rights Accountability Act (22 U.S.C. 10101et seq.) against individuals and entities responsible for, complicit in, or directly benefiting from gross human rights violations that result from implementing the Ethnic Unity and Progress Law and related laws and policies;(7) recognizes the Dalai Lama and the Central Tibetan Administration for their longstanding commitment to nonviolence and dialogue and reaffirms that, in light of the Ethnic Unity and Progress Law's expansion of state authority over religions institutions, decisions regarding the reincarnation or succession of the Dalai Lama are solely the prerogative of Tibetan Buddhist leaders and the Tibetan people, free from interference by the Government of the People's Republic of China, as outlined in the Tibetan Policy and Support Act of 2020; and(8) calls on the Government of the People's Republic of China to resume dialogue with the Dalai Lama or his representatives in order to hold substantive discussions aimed at resolution of the Sino-Tibetan disputes at an early date, without preconditions.

President Dr Lobsang Sangay signing Tibetan parliament's Electoral Amendments into Law, at a press conference in Dharamshala, India, on October 3, 2018. Photo: TPI/Yangchen Dolma

Secretary General of IM Ann Svensén looks on as His Holiness the Dalai Lama addresses members of the press in Malmö, Sweden on September 12, 2018. Photo by Jeremy Russell

The Founding Assembly of the ‘Asia Democracy Network’ and the ‘3rd Seoul Democracy Forum’ were held in Seoul, Korea, from 21st to 24th October 2013. Photo: TPI

Liu Xiaobo, Nobel Peace laureate, advocated for human rights in China before his death. Photo: File

The European Parliament is a rubber-stamp parliament - Photo: file

Freedom House lists Tibet as the one of least free country in the world in it's ""Freedom in the World 2024"" report. (Photo: Freedom House)

Tibetan delegation met with PP Chaudhary, Chairman of the Parliamentary Standing Committee of External Affairs on New Delhi, India, on December 6, 2023. (Photo: file)

Hong Kong: RSF representative detained and deported on attempt to monitor Jimmy Lai’s national security trial. Photo: RSF

Swedish parliamentary delegation led by Chairperson MP Margareta Cederfelt, accompanied by Representative Sonam Tsering Frasi and Secretary Lobsang Choedon Samten of Office of Tibet, London with His Holiness the Dalai Lama during their visit to Dharamsala in September 2023. (Photo: HHDL)

Representative Chris Smtih (R-NJ) and Senator Jeff Merkley (D-OR), respectively chairman and co-chairman of the bipartisan and bicameral Congressional-Executive Commission on China (CECC). (Photo: file)

Over 62 Tibetans shaved their heads in front of UN, NY, on July 30, 2026, in solidarity with Tibetan martyr Lobga Rangzen and all those who have sacrificed their lives for a free Tibet. Photo:Tenzin Wangdu Rangzen

Tsering Dolma and Yangchen Dolkar, Tenzin sangmo and Youndoung held the press conference at Guwahatu Press Club, on July 29, 2026. Photo:file

Tibetan monks and nuns expelling from the Larung Gar and forced them to go home in the buses, in 2017. Photo: TPI

Six Tibetan women participating in the TYC's ongong hunger strike protest against the CCP, July 27, 2026. Photo: TPI

Serthar Larung Five Sciences Buddhist Academy, the world’s largest Tibetan Buddhist institute. Photo: File

His Holiness the Dalai Lama, Dharamshala. Photo: TPI

Chinese pro-democracy activist Zhang Yi, behind of the Potala Palace, Lhasa, Tibet.  Photo: Renquanwang

Tibet was always known to be a country until China invaded and took it over. The National Flag of Tibet at a military parade in Lhasa, Capital of Tibet in 1938. Photo: File

Lobga Rangzen (inset), a Tibetan American set himself on fire outside the United Nations to protest the Chinese occupation of his native home Tibet, on Thursday, July 2, 2026. (Lobga Rangzen via Facebook)

Left: Lobsang Tsering, Gonpo Dhondup, Karma Yeshe, Lobsang Yeshe, Tenzin Lhamo, and Penpa Tsering, participating in the hunger strike, July 19, 2026. Photo: TYC"
20,tibetpost,english,Tibetans paid tribute to Tulku Tenzin Delek Rinpoche's bravery - Tibet Post International,,2026-06-12T00:00:00+00:00,https://www.thetibetpost.com/news/exile/tibetans-paid-tribute-to-tulku-tenzin-delek-rinpoche-s-bravery,15238,"Tibet has a rich history as a sovereign nation until the 1950s when it was invaded by China. [Photo: File]

Where is Tibet located on a map?

Lama turns to iPhone to spread app-ness. Photo: Hürriyet Daily News

""2008 Uprising Experiences: Roar of truth at the cost of one’s life,"" launched Dharamshala, on June 12, 2026. Photo: TPI

left: Tsering Choephel, Vijay Kranti and Tenzin Tsundue launching the book ""China's Colonial Game in Tibet"" in Dharamshala, March 6, 2026. Photo: TPI

Central Tibetan Administration commemorates the 67th National Uprising of Tibet in the Dharamshala, on March 10, 2026. Photo: TPI

Tibet Museum organised an exhibition titled ""Frontier Diplomacy: Britain, Tibet, and Sir Basil Gould"" at the Tibet Museum Dharamshala) on April 3, 2026. Photo: TPI

Tibetan community of Switzerland and Liechtenstein launched a week of peaceful rally and solidarity walk from the Swiss Federal Parliament (Bundeshaus) in Bern,on March 4, 2026. Photo: Office of Tibet, Geneva

Foreign Ministers of countries. Photo:file

His Holiness the Dalai Lama joined the celebration of his 91st birthday, at Shewatsel Teaching Ground in Leh, Ladakh, on July 6, 2026. Photo:TPI

Tibetans in Dingri County suffering from the earthquake, on Janunary 7, 2025. Photo: TPI

An Australian Parliamentary Delegation, led by Senator Derryn Hinch and Deputy Leader Kevin Andrews MP, visited Dharamshala, the seat of the Central Tibetan Administration, during a four-day official visit from 20–23 November 2017. Photo: File.

His Holiness the Dalai Lama during his meeting with intellectuals, academics and diplomats at the Taj Hotel in New Delhi, India on September 21, 2019. Photo by Tenzin Choejor

Ngawang Jorgyal, a mathematics and Science teacher at Gaden monastery, South India. Photo : Ngawang Jorgyal

President Dr Lobsang Sangay joins a panel discussion on ‘China: Human Rights in the 21st Century Digital Surveillance’ at Charles University, Prague, 15 October 15, 2019. Photo: Sikyong Office

ICT’s Executive Director for Germany Kai Mueller speaks to the Human Rights Committee of the Bundestag. Photo: ICT Germany

Tempa Gyaltsen Zamlha, Director of Environment and Development Desk. Photo: Tempa

The Khumbu Glacier, Nepal. Credit: Eugene Ga/Shutterstock

His Holiness the Dalai Lama's message on the 50th anniversary of Earth Day. Photo: OHHDL

His Holiness the Dalai Lama speaking to Amity University students by video conference from his residence in Dharamsala, HP, India on June 26, 2020. Photo by Ven Tenzin Jamphel

His Holiness the Dalai Lama with Prof Dheeraj Sharma, Director of the Indian Institute of Management, Rohtak, on December 23,2021. Photo: Tenzin Jamphel

Communist authoritarianism, totalitarianism, censorship, and complete control. Photo: AI generated.

The despotic, self-imposed communist regime in China constitutes a significant and unpredictable threat, with far-reaching consequences across the globe. Photo: TPI

Tibetan activist Leden from Delhi, India. Photo: TPI

Sonam Tsering, General Secretary of Tibet Youth Congress on June 26, 2024. (Photo:TPI)

Tibetan activist Tenzin Tsundue, Dharamshala, on December 22, 2021. Photo: TPI/Yangchen Dolma

The Book, My Life – Born in Free Tibet, Served in Exile and the author Tashi Wangdi in Dharamshala, on June 7, 2024. Photo: TPI/Yangchen Dolma

China inside the contemporary censorship and propaganda warfare in the twenty-first century. Photo: TPI

Authors of ""TIBET EXPLAINED – Legal Status, Rights and State Responsibility"", Michael Van Walt Van Praag and Miek Boltjes. Photo:TPI

Author Amy Yee and her new book Far from the Roof of the World. Photo: Amy Yee/TPI

Tibetan Major Rivers. Photo: file

The SangqChu (Chinese: Xiahe) County Government's announcement, issued on November 16, 2022. Photo: file

Snow Mountains of Tibet. Photo: file

Climate activist Sonam Wangchuk holding a block of ice from Ladakh, to be presented to His Holiness the Dalai Lama. Photo: TPI/Yangchen Dolma

His Holiness the 14th Dalai Lama at a virtual conference with environmental activist Greta Thunberg, and two leading scientists, William Moomaw and Susan Natali on January 10, 2021.

Sandesh Meshram alias Samten Yeshi, General Secretary of the India-Tibet Friendship Society, Nagpur, Maharashtra, India, has launched his fifth cycle rally titled ""Jannagaran Cycle Yatra"" on November 4, 2023. (Photo: file)

images/stories/Pics-2023/September/Tibet-water-rivers-2023.png#joomlaImage://local-images/stories/Pics-2023/September/Tibet-water-rivers-2023.png?width=1004&height=603

Tenzin Delek Rinpoche's Medal of Courage 2022 was awarded to A-Nya Sengdra, the environmental and anti-corruption activist on July 12, 2022. Photo: TPI

Dr Lobsang Sangay President of Central Tibetan Administration rejects China’s latest claims on the Panchen Lama. Photo: DIIR/CTA

Representatives of the leading Tibetan NGOs raised banners with slogans as such ""We strongly condemn China's aggression on Indian territory"" and ""Tibet's Independence, India's Security,"" in Dharamshala, india, on June 18, 2020. Photo: TPI/Yangchen Dolma

His Holiness the Dalai Lama of Tibet. Photo: TPI/Yeshe Choesang

His Holiness speaking on ""Love and Compassion - A Way of Life"" at the Bihar Judicial Academy in Patna, Bihar, India on January 18, 2020. Photo by Lobsang Tsering

Jagdeep Dhankar, Governor of West Bengal with President Dr Lobsang Sangay, Speaker Pema Jungney and other esteemed guests in Kolkata, West Bengal, India, on December 26, 2019. Photo: Office of Sikyong

His Holiness the Dalai Lama is interacting with neuroscientist Richard Davidson. Photo: screenshot

His Holiness speaking on Secular Ethics in Modern Education to members of Mind Mingle by video link from his residence in Dharamsala, HP, India on August 25, 2020. Photo by Ven Tenzin Jamphel

The public hand is both gold and powerful. Photo: File

The fortitude, perseverance, and indomitable spirits of the people of Tibet always remain steadfast, resolute, and unyielding in their quest for the liberation, sovereignty, and self-determination of our fatherland—Tibet. Photo: TPI

Keep calm and secure your data. Photo: TPI

TPI office meeting in 2010. Photo: TPI

May 2024 heralds the 16th commemoration of its inception, a period marked by substantial contributions to justice, freedom, and democracy. Photo: File

Tibetans commemorated the 11th anniversary of the passing of Tulku Tenzin Delek Rinpoche, on July 13, 2026. Photo: TPI

Dharamshala — Tibetans commemorated the 11th anniversary of the passing of Tulku Tenzin Delek Rinpoche, who was assassinated by the Chinese government. They spoke about Rinpoche’s legacy and paid tribute to his bravery, highlighted Tenzin Delek Rinpoche’s contributions in the fields of education, environmental protection and social welfare; how his patriotic commitment and his work in the service of the community had become a source of growing concern for the authorities of the People’s Republic of China..

The Tulku Tenzin Delek Rinpoche Service Committee and the Tibetan Center for Human Rights and Democracy (TCHRD) organised a memorial event on July 13, 2026, at Norbu House in Dharamsala to mark the 11th anniversary of Tulku Tenzin Delek Rinpoche’s death. Rinpoche was murdered by Chinese authorities on July 12, 2015 in a Chinese prison, for fear of his influence on Tibetan society and for courageously protecting Tibetan religion, culture, language and environment. The event included the launch of a book in English recording the evidence of his assassination.

The English translation of Nyima Lhamo’s book, titled <<No Tongues in Their Mouths: Allegations of Assassination in Tenzin Delek Rinpoche’s Death>> was launched by the Speaker of the Tibetan Parliament-in-Exile, Dolma Tsering Teykhang. Speaker Dolma Tsering Teykhang, Tenzin Dawa, Director of the TCHRD, Dorjee Rinchen, author of Tenzin Delek Rinpoche’s books, and Geshe Tsering Dorjee, a student of Tenzin Delek Rinpoche, spoke about Rinpoche’s legacy and paid tribute to his courage and bravery, as he is a true representative of Tibetans who protect the Tibetan environment, teach the Tibetan language and culture as well as Buddhism to the people. More than 50 Tibetans from the Dharamsala area participated in this event.

<<The Truth as Told by Nyima Lhamo>> original in Tibetan, told by Nyima Lhamo and written by Dorjee Rinchen,launchedin 2024; the Chinese version,publishedin 2025, was translated by Loya, while the English version <<No Tongues in Their Mouths: Allegations of Assassination in Tenzin Delek Rinpoche’s Death>>, launched on July 13, 2026, was translated by the Tibetan writer Bhuchung Sonam.

The book is about how Tenzin Delek Rinpoche was arrested without any crime, how he suffered in the Chinese prison, how his students and local Tibetans pleaded for his release, how the Chinese authorities shot at peaceful followers and demonstrators, how Tibetans were beaten and arrested by the Chinese authorities and, finally, how he was murdered by the Chinese, and how the Chinese authorities refused to return Rinpoche's body to his family because they feared that the cause of death would become known to the world, how Rinpoche's niece Nyima Lhamo and other Tibetans were detained and tortured, how she tried to immolate herself in front of the Chinese prison etc.

Geshe Tsering Dorjee introduced the event by stating that yesterday was the day, Tenzin Delek Rinpoche was murdered by the Chinese authorities while serving his sentence in a Chinese prison on July 12, 2015. “Today, I wanted to remind all of you of the importance of unity among Tibetans, because those were the last words Tenzin Delek Rinpoche spoke to me as I was preparing to go into exile. We must all unite and fight for our cause; one day, we will achieve our freedom,” he said.

Author Dorjee Rinchen recounted how Tenzin Delek Rinpoche founded nine monasteries to promote Tibetan Buddhism, built schools for orphans and other children, and protected Tibet’s fragile environment and wildlife from being slaughtered. He also spoke about how the People’s Republic of China attempted to assassinate Tibetans who were influential figures in Tibetan society, such as Tulku Tenzin Delek Rinpoche, Khenchen Jigme Phuntso, and Geshe Sonam Phuntso in Karze, and how the same thing occurred in other Tibetan regions. These are repressive policies carried out by the Chinese Communist government aimed at eliminating Tibetans, along with their culture, identity, and religion.

Speaker Dolma Tsering Teykhang spoke about the courage of Tulku Tenzin Delek Rinpoche by recounting how Rinpoche had secretly met with the first fact-finding delegation from the Tibetan government-in-exile, which included Lobsang Samten, the elder brother of His Holiness the 14th Dalai Lama. During this meeting, he provided first-hand accounts of the destruction of Lithang Monastery and of the severe restrictions imposed by the People’s Republic of China (PRC) on religious freedom in the region. He also explained how Tenzin Delek Rinpoche had met the 10th Panchen Lama, briefed him in detail on the situation in Lithang and consulted him on the reconstruction of the monasteries at Ngachu and Lithing counties.

The Speaker also highlighted Tenzin Delek Rinpoche’s contributions in the fields of education, environmental protection and social welfare; he further explained how his patriotic commitment and his work in the service of the community had become a source of growing concern for the authorities of the People’s Republic of China.

Nyima Lhamo, niece of Tenzin Delek Rinpoche said, ""Today marks 11 years since the tragic and unjust death of Tulku Tenzin Delek Rinpoche, a revered Tibetan lama, educator, environmentalist, and cultural leader who died under suspicious circumstances after 13 years of imprisonment and relentless torture at the hands of the Chinese Communist Party (CCP).""

""His only “crime” was his unwavering commitment to preserving Tibetan religion, identity, and human rights — values that the CCP considers a threat to its authoritarian rule. The CCP feared Rinpoche’s popularity, moral authority, and influence among Tibetans, and thus silenced him through violence and oppression,"" she added.

President Dr Lobsang Sangay signing Tibetan parliament's Electoral Amendments into Law, at a press conference in Dharamshala, India, on October 3, 2018. Photo: TPI/Yangchen Dolma

Secretary General of IM Ann Svensén looks on as His Holiness the Dalai Lama addresses members of the press in Malmö, Sweden on September 12, 2018. Photo by Jeremy Russell

The Founding Assembly of the ‘Asia Democracy Network’ and the ‘3rd Seoul Democracy Forum’ were held in Seoul, Korea, from 21st to 24th October 2013. Photo: TPI

Liu Xiaobo, Nobel Peace laureate, advocated for human rights in China before his death. Photo: File

The European Parliament is a rubber-stamp parliament - Photo: file

Freedom House lists Tibet as the one of least free country in the world in it's ""Freedom in the World 2024"" report. (Photo: Freedom House)

Tibetan delegation met with PP Chaudhary, Chairman of the Parliamentary Standing Committee of External Affairs on New Delhi, India, on December 6, 2023. (Photo: file)

Hong Kong: RSF representative detained and deported on attempt to monitor Jimmy Lai’s national security trial. Photo: RSF

Swedish parliamentary delegation led by Chairperson MP Margareta Cederfelt, accompanied by Representative Sonam Tsering Frasi and Secretary Lobsang Choedon Samten of Office of Tibet, London with His Holiness the Dalai Lama during their visit to Dharamsala in September 2023. (Photo: HHDL)

Representative Chris Smtih (R-NJ) and Senator Jeff Merkley (D-OR), respectively chairman and co-chairman of the bipartisan and bicameral Congressional-Executive Commission on China (CECC). (Photo: file)

Over 62 Tibetans shaved their heads in front of UN, NY, on July 30, 2026, in solidarity with Tibetan martyr Lobga Rangzen and all those who have sacrificed their lives for a free Tibet. Photo:Tenzin Wangdu Rangzen

Tsering Dolma and Yangchen Dolkar, Tenzin sangmo and Youndoung held the press conference at Guwahatu Press Club, on July 29, 2026. Photo:file

Tibetan monks and nuns expelling from the Larung Gar and forced them to go home in the buses, in 2017. Photo: TPI

Six Tibetan women participating in the TYC's ongong hunger strike protest against the CCP, July 27, 2026. Photo: TPI

Serthar Larung Five Sciences Buddhist Academy, the world’s largest Tibetan Buddhist institute. Photo: File

His Holiness the Dalai Lama, Dharamshala. Photo: TPI

Chinese pro-democracy activist Zhang Yi, behind of the Potala Palace, Lhasa, Tibet.  Photo: Renquanwang

Tibet was always known to be a country until China invaded and took it over. The National Flag of Tibet at a military parade in Lhasa, Capital of Tibet in 1938. Photo: File

Lobga Rangzen (inset), a Tibetan American set himself on fire outside the United Nations to protest the Chinese occupation of his native home Tibet, on Thursday, July 2, 2026. (Lobga Rangzen via Facebook)

Left: Lobsang Tsering, Gonpo Dhondup, Karma Yeshe, Lobsang Yeshe, Tenzin Lhamo, and Penpa Tsering, participating in the hunger strike, July 19, 2026. Photo: TYC"
65,tibetpost,english,CTA and Tibetans mourn the demise of Kasur Chope Paljor Tsering - Tibet Post International,,2026-06-12T00:00:00+00:00,https://www.thetibetpost.com/news/exile/cta-and-tibetans-mourn-the-demise-of-kasur-chope-paljor-tsering,2465,"Dharamshala — Central Tibetan Administration and Tibetans mourned the demise of Kasur Chope Paljor Tsering, who devoted more than four decades of dedicated service to His Holiness the Dalai Lama, the Tibetan people, and the Tibetan cause. He has served as the Kalon for Department of Health during the 13th Kashag and served over two decades as the Representative of His Holiness the Dalai Lama in various countries.
The former Kalon Chope Paljor Tsering passed away on June 11, 2026 in Australia. Central Tibetan Administration held a prayer service on June 12, 2026, in Dharamshala, to mourn the passing of former Kalon (Kasur) Choepe Paljor Tsering Namru Ringpapo Ntsang.
Kasur Chope was born in 1948 in Namru, in the Northern Tibet. Following the Communist Chinese invasion of Tibet, he fled with his family at around the age of ten. The family eventually settled in Pokhara, Nepal.
In 1966, he served as the translator during the establishment of the Tashi Ling Tibetan settlement in Pokhara. From 1968 to 1970, he studied in the United Kingdom before returning to Tashi Ling to serve as a teacher and, later, school principal. From 1973, he served as Tibetan Settlement Officer of Dhorpatan, northern Nepal.
From 1978 Kasur Chope served at the Office of the Representative of His Holiness the Dalai Lama in Nepal. He was then transferred to the Department of Education in Dharamshala as its Deputy Secretary on April 26, 1982. Returning to Nepal, he served as the Central Tibetan Administration’s Education Officer for Nepal.
From May 1986, Kasur Chope served as the Representative of His Holiness the Dalai Lama in Nepal. He went on to serve as Representative for Eastern Europe (1991–1998), for Australasia (1998–2002), and finally for Japan and East Asia (2002–2007). With twenty-one years in the role, he was the longest-serving Representative of His Holiness the Dalai Lama thus far.
In 2007, he was unanimously elected to the 13th Kashag (Cabinet) by the Tibetan Parliament in Exile and served as Kalon (Minister) for Department of Health until 2011.
In retirement, he continued to work to preserve and promote Tibetan language and culture through the Global Tibet Institute.
He also a book named
""The Nature of All Things: The Life Story of a Tibetan in Exile""
, an autobiography which recounts his childhood in Tibet, life as a refugee and his experiences in serving His Holiness the Dalai Lama, Tibetan people and Tibetan cause.
Tibet
CTA
Tibet cause"
66,tibetpost,english,US senators call on PRC to rescind the law aimed at erasing the unique identity of the Tibetan - Tibet Post International,,2026-06-12T00:00:00+00:00,https://www.thetibetpost.com/news/international/us-senators-call-on-prc-to-rescind-the-law-aimed-at-erasing-the-unique-identity-of-the-tibetan,4279,"Washington, D.C. — In a letter addressed to the Chinese ambassador to the United States, U.S. Senators Lindsey Graham and Sheldon Whitehouse expressed their deep concern regarding the “Law on Promoting Ethnic Unity and Progress” enacted by the PRC, warning that this law aims to eliminate the distinct identities, religious freedoms, and fundamental rights of Tibetans, Uyghurs, and other ethnic minorities. They further stated that this new law violates the Chinese Constitution and international law, and that it must be repealed.
Senators Lindsey O. Graham (Republican) and Sheldon Whitehouse (Democrat) sent a bipartisan letter to Xie Feng, China’s ambassador to the United States, on June 25, 2026. In the letter, they expressed deep concern regarding the “Law on Promoting Ethnic Unity and Progress” enacted by the People’s Republic of China, warning that this law aims to eliminate the distinct identities, religious freedoms, and fundamental rights of Tibetans, Uyghurs, and other ethnic minorities. They further stated that this new law violates the Chinese Constitution and international law, and that it must be repealed.
The senators stated that they joined the European Parliament in condemning the so-called ""Ethic Unity law,"" which is set to take effect on July 1, 2026 and called on the Chinese government to repeal it or revise it thoroughly. They added that they would closely monitor the Chinese Communist Party’s implementation of the law, particularly its impact on Tibetans, Uyghurs and others.
The senators wrote in the letter to China’s ambassador to the United States,""We write with grave concern regarding the troubling implications of the People's Republic of China's new Law on Promoting Ethnic Unity and Progress which will enter into force on July 1.""
""As bipartisan and elected representatives of the U.S. Senate, we join the European Union Parliament in condemning the Law's passage and anticipated implementation. We are closely watching actions the Chinese Communist Party (CCP) takes under the Law and would urge your government to rescind or significantly revise the Law given its ramifications on those beyond the borders of the People's Republic of China and on the protection of distinct identities and human rights of Tibetans, Uyghurs, and other nationalities,"" they added.
""We are extremely concerned about Article 63 of the Law, which states ""Organizations and individuals outside the [mainland] territory of the People's Republic of China that commit acts aimed at the People's Republic of China that undermine ethnic unity and progress or create ethnic division are to be pursued for legal responsibility in accordance with law."" Please be aware that any attempts to surveil, intimidate, or pressure individuals residing in the United States, under Article 63 or any provision of that Law or any other, constitute an unacceptable violation of U.S. sovereignty,"" they further said.
The US senators said, ""We are deeply troubled by the codification of the CCP's longstanding practices to extinguish religious freedom, including restrictions on worship, forced ideological instruction, and pressure on communities to abandon or dilute their faith traditions. These practices affect Tibetan Buddhists, Muslims, Christians, and many others - under the guise of combatting extremism and/or preventing separatism.""
""We are also alarmed by the law's implications for children's rights, particularly in the state-run boarding schools affecting more than one million Tibetan children who have been separated from their families, language, and heritage. Your implementation of the Law will be evaluated for compliance with standards for the protection of children,"" they said.
""Let us be clear: We will not hold back from speaking out when laws or practices violate fundamental rights, including the rights of individuals living on U.S. soil, children's rights, and religious freedoms. The Law on Promoting Ethnic Unity and Progress is detrimental to and attempts to eliminate the unique identities of Tibetans, Uyghurs, and others. Furthermore, this Law appears to be at odds with China's own constitution, 1984 Regional Ethnic Autonomy Law, and international commitments,"" said Senators Lindsey Graham and Sheldon Whitehouse.
Tibet
Freedom
USA"
67,tibetpost,english,"""China's Colonial Game in Tibet"" launches ahead of Tibetan National Uprising Day - Tibet Post International",,2026-06-12T00:00:00+00:00,https://www.thetibetpost.com/news/international/china-s-colonial-game-in-tibet-launches-ahead-of-tibetan-national-uprising-day,6083,"Dharamshala — ""China's Colonial Game in Tibet"" was launched in Dharamsala on March 6, 2026, a few days before Tibetan Uprising Day on March 10, 2026. This book talks about the independent status of Tibet, His Holiness the Dalai Lama, the reincarnation of the Dalai Lama, the Tibetan cultural genocide, the destruction of the environment, education as a colonial tool under the Chinese Communist government, the Tibetan freedom movement, and Tibetan self-immolations.
This book brings together 39 authors, including Professor Samdhong Rinpoche, Sikyong Penpa Tsering, Claude Arpi, Professor Robert Destro, Geshe Lhador, Chemi Lhamo, and was edited by Vijay Kranti, a veteran Indian journalist and long-time supporter of Tibet. It is published by the Centre for Himalayan Asia Studies And Engagement (CHASE) in New Delhi.
The book launch took place in the hall of the Tibetan Settlement Office, in Dharamshala, on March 6, 2026. Tibetan activist Tenzin Tsundue moderated the event, and Vijay Kranti spoke about his new book, Tsering Choephel, President of the Tibetan Youth Congress, delivered a speech of thanks. Tibetan journalists and Tibetans around the Dharamshala were present at the press conference.
While talking about the book, Vijay Kranti said, ""CHASE, in collaboration with Tibetan Youth Congress (TYC) organised about 30 international webinars on various hot issues related to Tibet and China during 2020-2023 period. We focused on some of the best and experienced communicators as our experts who understand these issues and have long experience in reaching out to their audiences. Finally we selected about 15 webinars which were focused on those issues which Tibet supporters have been raising at various international forums and which present the most inhuman and prominent dimensions of China’s colonial games in Tibet."" ""Our main challenge was to reproduce the spoken presentations of these experts over the audio-visual platform into essay like written words and present it in the form of a book. This way it is our endeavor to present a wholesome narration of all major colonial problems and issues, being faced by the people of Tibet, into a single book,"" Vijay Kranti explained.
He also spoke about the repressive policies faced by Tibetans in Tibet and the Tibetans who have set themselves on fire to demand freedom in Tibet and the return of His Holiness the Dalai Lama. He said, ""Unfortunately this silence of governments, international organizations – especially the United Nations -- and the most influential international media houses who claim to be the greatest champions of human rights and freedom of expression, have been perpetually found wanting on what is going on inside China-occupied colonies like Tibet. Almost all of them have failed individually as well as collectively to take any meaningful action against the blatantly inhuman acts of the Chinese regime against its own people as well as its colonial subjects in occupied countries of Tibet, East Turkestan (Ch: ‘Xinjiang’), Southern Mongolia and Hong Kong.""
""The saddest and most unfortunate part of this game is that while China’s communist masters have been successful in keeping a strong lid on all these developments, the international community has, in effect, chosen to keep its eyes closed and mouth shut against this ongoing crime against the most helpless section of human society. Hence the need for waking up the world’s conscience before it is too late,"" he added.
He further said, ""With the help of 39 well informed experts, observers and researchers from across the world, it is our endeavor at Centre for Himalayan Asia Studies and Engagement (CHASE) to present authentic information on these as well as many other aspects of the colonial games being played by China’s communist masters in China’s colonies. This book is the first and the Tibetan installment in this direction. It is our endeavor to present similar studies on China’s other colonies like East Turkestan, S. Mongolia, Hong Kong, Manchuria etc. in near future.""
""CHASE organised over 30 international webinars on major issues related to Tibet and China. We organized these webinars with the active participation of Tibetan Youth Congress (TYC) which is the largest and true representative of the struggle and aspirations of the people of Tibet – living in exile as well as those living inside Chinese occupied Tibet. We had the privilege of enrolling some of the best known experts and experienced communicators from across the globe who understands these issues deeply. Out of these 30 webinars we have selected 15 which were focused on all those issues related to the denial of human rights to the people of Tibet as a part of the colonial games which the Chinese Communist Party and its leaders have been playing inside Tibet since its occupation in 1951. This collection of essays and presentations covers almost all such issues related to Tibet and China which have been, time and again, raised at various international forums but not followed up to their logical end. This way it has been the endeavor of CHASE to make this book a unique platform which presents a complete, honest and fearless account of all those colonial games which are being played inside occupied Tibet by its Chinese colonial masters,"" the Vijay Kranti, President of CHASE concluded his talk.
Vijay Kranti is a veteran journalist, Tibetologist and photographer. Over past 50 years he has been on the staff of reputed media groups which include India Today, BBC TV, Zee News TV, Aaj Tak TV, DD News, German Radio Deutsche Welle, Radio Voice of America etc. His main focus areas have been Himalayan Buddhist Culture, Tibet, China and J&K. In 1992 he was awarded KK Birla Foundation Fellowship for journalists for his work on Tibet. His study and research on issues related to Tibet and China has received acknowledgement and appreciation at international levels. He is regularly invited to international conferences, seminars, online webinars, TV and Radio shows to speak on these subjects as an expert.
Tibet
History
Independence"
68,tibetpost,english,"""Tibet has never been a part of China since ancient times"": CTA - Tibet Post International",,2026-06-12T00:00:00+00:00,https://www.thetibetpost.com/news/exile/tibet-has-never-been-a-part-of-china-since-ancient-times-cta,7639,"Dharamshala — Central Tibetan Administration (CTA) organised an event to commemorate the 67th National Uprising of Tibet in Dharamshala, on March 10, 2026. Kashag (Cabinet) states, ""Tibet has never been a part of China since ancient times and is rather a nation under the illegal occupation of the communist PRC. The fact that the question of Tibet is not an internal affair of China, but rather an unresolved international conflict.""
Central Tibetan Administration organised the event to commemorate the 67th National Uprising of Tibet in the courtyard of Thekchen Choeling Tsuglakhang, Dharamshala, on March 10, 2026. Dignitaries including Michael Brand, Member of the German Parliament and Parliamentary State Secretary, Germany; Hans-Gert Pöttering, Former President of the European Parliament; Jiří Oberfalzer, Vice President of the Czech Senate; and Juris Vilums, Member of Parliament, Latvia. Brian Joseph, Vice President, National Endowment for Democracy (NED), Cheng Lei, from Australia, Shri R.K Khrimey, National Convenor of Core Group for Tibetan Cause-India, Ms Alice Parma, Italian State parliamentarian, Senator Jiri Dusek, Vice-chairman of the Committee on EU, and Dr Wiebke Winter, Member of Legislative Assembly, Germany. Participants of the Special International Tibet Support Groups Meeting also presented there as special guests and top officals of CTA and Tibetans around the Dharamshala joined the commemoration of the the 67th National Uprising of Tibet.
Sikyong Penpa Tsering hoisted of Tibetan National Flag and sang the Tibetan and Indian National Anthem. Then observed a minute of silence as a mark of respect for the Tibetan Martyrs who have sacrificed their lives for the cause of Tibet. March 10 commemoration song sang by the members of the Tibetan Institute of Performing Arts.
Then Sikyong read out the
statement
of Kashag on the the 67th Anniversary of the Tibetan National Uprising Day and he said,"" Today marks the 67th anniversary of the 1959 Tibetan National Uprising, when Tibetans from all three provinces, monastics and laypeople alike, rose in unison with indomitable courage in Tibet’s capital, Lhasa, to protest the illegal invasion by the People’s Republic of China (PRC) and to safeguard the person of His Holiness the Fourteenth Dalai Lama from imminent threat. On this solemn occasion, the Kashag pays its deepest tribute to all the martyrs who made the ultimate sacrifice for the sake of Tibet, its faith, and its people, and stands in unwavering solidarity with our brothers and sisters inside Tibet, whose resolve to preserve our distinct national identity remains as unyielding as Mount Meru, even in the face of relentless oppression by the government of the PRC. We also express our sincere gratitude to all our distinguished guests present here today for their powerful demonstration of solidarity with the Tibetan people, and to all nations, organizations, and individuals around the world who continue to support the cause of Tibet. ""
""At present, the government of the PRC is falsely asserting that Tibet and all non-Han nationalities are part of the constructed “Zhonghua Minzu.” It is mobilizing, under the proclaimed mandate of “forging a strong sense of community for the Chinese nation,” the full machinery of the state to carry out expansive and deeply entrenched policies within Tibet aimed at eradicating both Tibet’s physical environment and its people’s distinct national identity.""
""The reckless destruction of the Tibetan Plateau, a strategic geographical region also known as the ‘Water Tower of Asia,’ does not merely impact the two billion people who depend on Tibet’s rivers, but also threatens the interests of the entire world in our collective effort to confront the global climate crisis,"" he added.
The statement of the Kashag states, ""Tibet has never been a part of China since ancient times and is rather a nation under the illegal occupation of the communist PRC. The fact that the question of Tibet is not an internal affair of China, but rather an unresolved international conflict, has been clearly established in the “Promoting a Resolution to the Tibet-China Dispute Act” enacted by the U.S. government. Regarding the reincarnation of His Holiness the Dalai Lama, the international community, through around 134 formal pronouncements, including legislations, resolutions, and declarations, categorically rejects the PRC’s so-called three conditions put forth in complete disregard for religious tradition and with an abandonment of political morality, and asserts a unified stance of non-recognition whatsoever. Nevertheless, the PRC continues to push its malicious agenda inside China and Tibet. Alongside its intensifying propaganda campaigns, the PRC government is exploiting its state-appointed Panchen Gyaltsen Norbu and a handful of lamas and monks through staged meetings and scripted speeches. It is certain that such orchestrated attempts will never be accepted by anyone, neither now nor at any point in the future. ""
Khenpo Sonam Tenphel, Speaker of the Tibetan Parliaments-in-Exile read out the
statement
of the TPiE on the 67th Anniversary of the Tibetan National Uprising Day and he said,""Throughout the period that Tibet has remained under the illegal occupation of China since its armed invasion, the government of China has kept distorting the country’s historical sovereignty with fabricated narratives, sought to corrupt the unique culture of the Tibetan people by adulterating it, used coercion to deprive the people of Tibet of their freedom of religious belief, set out to devastate the territorial and natural environment of Tibet, kept trampling on the human rights of the Tibetan people, shut them up from exercising their freedom of speech, colonized Tibet in the name of economic development and progress, made active efforts to prevent any expression of the oneness of the nationality of the Tibetan people, and disregarded the wishes of the Tibetan people. Apart from these, the ground reality remains that the government of China has thus far never implemented any genuinely intended policy measure which is suited to the needs of the Tibetan people. Rather, it has relied solely on policies of violent reprisal and brutal repression against the people of Tibet. As a result, the Tibetan people, both the old and new generations, have carried out a succession of protest demonstrations in a campaign that began in 1987. In particular, the great Earth-Mouse Year uprising protests carried out simultaneously by the people of all the three traditional provinces of Tibet in 2008, still remain fresh in our minds. Along with that, it is worth noting that since the year 2009, there have been a total of at least 157 incidents in which individual Tibetans in occupied Tibet have carried out protest self-immolations in acts of a non-violent campaign against the government of China. These various types of protests continue to be carried out by the Tibetan people to this day. It is important that the government of China appreciate the enormity of the sacrifices the Tibetan people have been making through those protest campaigns.""
Above guests addressed the assembly and reaffirmed their support for the Tibetan cause and the fight for freedom and human rights for the Tibetan people. They criticised the Chinese Communist government for violating the human rights of Tibetans, forcing more than a million Tibetan children as young as four into Chinese colonial-style boarding schools, destroying the Tibetan environment, and interfering in the reincarnation of His Holiness the 14th Dalai Lama.
Tibet
Tibetan Uprising Day"
69,tibetpost,english,Majority of Members of the Parliament of Estonia Sign Landmark Statement Supporting Tibet - Tibet Post International,,2026-06-12T00:00:00+00:00,https://www.thetibetpost.com/news/international/majority-of-members-of-the-parliament-of-estonia-sign-landmark-statement-supporting-tibet,6474,"Tallinn — A majority of members of the Parliament of Estonia (Riigikogu) have signed a landmark statement in support of Tibet, marking one of the strongest parliamentary expressions of solidarity with the Tibetan people in recent years.
""It is an honour to present an
important statement
—the result of a major effort—bearing the signatures of a majority of the Parliament of Estonia,"" said Roy Strider, Coordinator of the Tibet Support Group in the Parliament of Estonia.
The Parliament of Estonia consists of 101 members, of whom 51—representing a symbolic majority of more than 50 per cent—have signed the statement in support of Tibet.
According to Strider, securing the signatures represented a significant challenge, as Parliament is currently in its summer recess.
""We hope that our exceptionally strong support for Tibet—and the declaration at the beginning of the statement that Tibet is a historically independent country, forcibly occupied by China—reflects the firm and unwavering stance of the Estonian people, as well as the sense of brotherhood shared between two small nations,"" he said in a letter to Tibet Post International.
The statement was presented to coincide with the birthday of His Holiness the Dalai Lama.
""It gives me great pleasure to present this strong statement at the time of His Holiness the Dalai Lama's birthday,"" Strider added.
The statement has also been published on the official website of the Parliament of Estonia.
Strider noted that the broad parliamentary support was also influenced by previous visits made by Estonian parliamentary delegations to Dharamshala.
""I would also like to emphasise that, to the best of my belief, the numerous expressions of support are partly due to previous successful visits by delegations of Estonian Members of Parliament to Dharamshala,"" he continued.
The parliamentary statement describes Tibet as ""a country historically independent and forcefully occupied by the People's Republic of China (PRC)"" and expresses strong opposition to China's Law on Ethnic Unity and Progress, which was adopted on 12 March 2026 and entered into force at the beginning of July 2026.
The statement states that the legislation threatens Tibetan identity through measures including mandatory Mandarin-language instruction, expanded state surveillance, policies promoting mixed-ethnic communities, and provisions with extraterritorial implications. It also calls for stronger international action, including diplomatic pressure on Beijing, support for the preservation of Tibetan culture and identity, and greater engagement by United Nations mechanisms.
Concluding his message, Strider stressed the importance of international solidarity during a period of growing global uncertainty.
""These are difficult times for the world, and we must support one another and stand together more than ever before. I believe that, together, we will overcome all the challenges in our path and always see a ray of hope, reason, and cooperation to strive towards.""
Based on the
official statement
issued by the Parliament of Estonia, which acknowledges the historical sovereignty of Tibet and calls on the international community to stand up for the people of Tibet. The following are the key demands, recommendations, and requests articulated in the statement:
The statement is jointly issued by the Tibet Support Group in the Estonian Parliament and Members of the Parliament of Estonia (Riigikogu).
Tibet is described as ""a country historically independent and forcefully occupied by the People's Republic of China (PRC)"", and its status is characterised as remaining subject to unresolved international conflicts.
China's Law on Ethnic Unity and Progress, adopted on 12 March 2026 and effective from the beginning of July 2026, is presented as the central concern of the statement.
The law is described as aiming to erase Tibetan identity by introducing extensive political, educational, and social measures affecting local governments, schools, and communities.
Mandatory Mandarin Chinese instruction from pre-kindergarten through high school is criticised as a policy that gradually removes the practical use and relevance of the Tibetan language.
The promotion of ""mutually embedded community environments"" is criticised for encouraging mixed-ethnic neighbourhoods that undermine traditional Tibetan communities and cultural continuity.
The law is said to expand Communist Party control and totalitarian surveillance, including the use of advanced technologies to identify and manage alleged ""major risks"".
Article 63 is criticised for asserting extraterritorial jurisdiction, potentially allowing China to pursue individuals overseas, including supporters of Tibet and members of the Tibetan diaspora in countries such as Estonia.
The statement argues that the law represents a ""death blow"" to the PRC's original constitutional promise of meaningful regional autonomy for Tibet.
It states that the legislation promotes population displacement, marginalises the Tibetan language, and separates Tibetans from their ancestral homeland, history, and spiritual traditions.
The statement argues that the ultimate objective is to replace distinct Tibetan identity with allegiance to the state-defined ""Chinese Nation"" (Zhonghua Minzu).
It contends that expressions of Tibetan identity, religion, language, and culture could increasingly be treated as political offences or manifestations of ""separatism"".
The signatory Members of the Riigikogu strongly condemn the law, declaring that it possesses ""no moral legitimacy in the eyes of the Tibetan people"".
The statement notes that both the European Parliament and the United Nations have already expressed serious concerns, while arguing that stronger and more decisive international action is urgently needed.
The Members of the Riigikogu call on the Government of the PRC to reject the implementation of the law and repeal it.
They urge United Nations bodies and mechanisms to review China's assimilation policies and use all available international instruments to prevent further violations of Tibetans' cultural, linguistic, and religious rights.
The statement calls for united international diplomatic pressure on Beijing to resolve the China–Tibet conflict peacefully through genuine and mutually respectful dialogue.
It expresses support for the Tibetan government in exile in its efforts to preserve and promote Tibetan culture and identity in exile.
Tibet
Freedom
Estonia"
70,tibetpost,english,Tibetans place the confins of over 170 Tibetan self-immolators before UNO and demand freedom for Tibet - Tibet Post International,,2026-06-12T00:00:00+00:00,https://www.thetibetpost.com/news/exile/tibetans-place-the-confins-of-over-170-tibetan-self-immolators-before-uno-and-demand-freedom-for-tibet,5334,"Dharamshala — Tibetans carried the the coffins of over 170 Tibetan self-immolators from Jackson Heights to UN headquarters in New York and along with them marched by hundreds of Tibetans and they protested against the China's illegal occupation of Tibet, implmenting oppressive policies in Tibet, particular China's genocide law (Ethic Unity Law) and demand freedom for Tibet.
The Coffin March started from Jackson Heights to UN headquarters in New York, on August 2,2026, to commemorate the one month of passing of the Tibetan martyr Lobga Rangzen, who sacrificed his life by self-immolating, in front of the UN headquarters in New York, on July 2,2026, to call on UN to support justice cause of Tibet, to protest against the Chinese government’s oppressive policies in Tibet including China’s genocide law (Ethic Unity Law) and demand for an independence for Tibet.
Tibetans in New York carry the coffins of over 170 Tibetan self-immolators, who sacrificed their lives for a free Tibet and return of His Holiness the Dalai Lama to Tibet. The event was organised by the 19th Regional Tibetan Youth Congress New York/New Jersey, which aims to express their solidarity with all the Tibetan martyrs who sacrificed their lives for Tibet.
They said, “we march to honor their courage, remember their sacrifices, and reaffirm our unwavering commitment to the cause of a free Tibet. Their voices will never be forgotten, and their legacy will continue to inspire generations to stand up for truth, justice, and freedom. Free Tibet, Justice for our Martyrs.”
Following they reached at the UN headquarters, they placed the confins of over 170 self-immolators in front of UN headquarters and call for justice for them and demand freedom for Tibet. Hundreds of Tibetans from the United States and Canada gathered in front of the United Nations headquarters to commemorate the Tibetan martyrs who sacrificed their lives for a free Tibet and reaffirmed their determination to fight for Tibetan freedom and independence until Tibet is free and His Holiness the Dala Lama returns to Tibet. Several speakers, including the current, former, and regional Presidents of the Tibetan Youth Congress, addressed the crowd, reiterating their commitment to continuing the struggle for a free and independence Tibet, called for unity among Tibetans.
Tibetan Youth Congress issued the following demands to the Chinese government, the United Nations, and the international community:
1. United Nations Response: As Lobga Rangzen made the ultimate sacrifice in front of the United Nations Headquarters, we urge the United Nations to respond in a meaningful and formal manner by addressing the grave human rights situation in Tibet and the circumstances that compelled his sacrifice.
2. Accountability for Tibetans Driven to Self-Immolation: The Chinese government must be held accountable for the policies and repression that have driven Lobga Rangzen and numerous Tibetans to the tragic act of self-immolation.
3. Recognition of Tibet's Sovereignty: Tibet was an independent nation before its occupation by the so called People's Republic of China and remains under Chinese occupation today. We call upon the international community to recognize Tibet's historical status and support the Tibetan people's right to restore their freedom and independence.
4. Repeal the so-called “Ethnic Unity and Progress Law”: We reject this law as an instrument of forced assimilation and call for its immediate repeal and the cessation of its implementation throughout Tibet.
5. Immediate and Unconditional Release of All Political Prisoners: We demand the immediate and unconditional release of the world's youngest Tibetan political prisoner 11th Panchen lama, along with all imprisoned environmental activists, Tibetan artists, human rights defenders, and all other political prisoners without conditions and delay.
Tibetan Youth Congress said, ""A government cannot legislate away the identity of a nation. A policy aimed at erasing people's language, culture, history, and spiritual heritage is not unity, it is a state enforced assimilation.
""We reject and condemn the recent statement made by Mr. Stéphane Dujarric, spokesperson of the UN Secretary-General referring to Tibet as a ""minority."" Such characterization is historically inaccurate narrative, politically incorrect and serves only to reinforce the Chinese Communist Party's propaganda. Tibet is not a minority of China. It is an occupied nation. Calling Tibet a ""minority"" erases its national identity and undermines the Tibetan people's right to freedom and independence.
""We call on the United Nations to uphold truth and impartiality. It must not use language that legitimizes China's occupation of Tibet or erases the Tibetan national identity. The United Nations' words shape global opinion. They must not legitimize occupation or contribute to the erasure of Tibet's identity and the Tibetan people's aspirations for Independence.
""The sacrifice of Martyr Lobga Rangzen is not the end of our struggle, it is a renewed call for resistance, solidarity, and international action. His courage has become a symbol of the unbreakable spirit of the Tibetan. Until Tibet is free, his voice will continue to live through our movement, our actions, and our unwavering commitment to justice.""
Tibet
UNHRC
Free Tibet"
71,tibetpost,english,A Tribute to Australian Senator Derryn Hinch: A Courageous Voice for Tibet and Justice - Tibet Post International,,2026-06-12T00:00:00+00:00,https://www.thetibetpost.com/news/international/a-tribute-to-australian-senator-derryn-hinch-a-courageous-voice-for-tibet-and-justice,5069,"Dharamshala — Australian Senator Derryn Hinch will be remembered not only as one of Australia's most fearless investigative journalists and broadcasters, but also as a parliamentarian who demonstrated the courage to speak publicly on behalf of oppressed peoples.
Throughout his distinguished career, he became widely known as the ""Human Headline"" for his unwavering commitment to exposing injustice, defending victims, and holding those in positions of power to account.
Australian Senator and media personality Derryn Hinch passed away peacefully in his sleep at his home in Melbourne on 10 July 2026, at the age of 82. His death marked the end of an extraordinary public life spanning more than six decades in journalism, broadcasting, and politics. Known as the “Human Headline”, Hinch was remembered for his distinctive voice, fearless advocacy, and determination to speak on issues he believed required public attention.
Among the many causes that Senator Hinch supported during his time in public life was the cause of Tibet. As leader of an Australian parliamentary delegation that visited Dharamshala, India, from 20 to 23 November 2017, he witnessed first-hand the resilience, dignity, and determination of the Tibetan people living in exile. The delegation also included the Hon. Kevin Andrews MP, Senator Kimberley Kitching, and Meryl Swanson MP, reflecting bipartisan Australian parliamentary engagement with the Tibetan issue.
During the visit, Senator Hinch met His Holiness the Dalai Lama and senior representatives of the Central Tibetan Administration. He also visited Tibetan educational and cultural institutions, gaining a deeper understanding of the challenges faced by Tibetans both inside Tibet and in exile.
Speaking at a press conference in Dharamshala, Senator Hinch expressed admiration for the Tibetan people's steadfast commitment to preserving their identity despite decades of hardship. Referring to China's demographic policies in Tibet, he remarked that attempts to overwhelm the Tibetan population had failed because the Tibetan people had refused to surrender their identity, culture, and hope. He praised their resilience and expressed confidence that their determination and commitment to peaceful dialogue would continue to sustain their struggle.
Senator Derryn Hinch expressed his admiration for the resilience and determination of the people of Tibet. Reflecting on China's policies in Tibet, he remarked, ""The Chinese... have this different version of 'populate or perish'... through the Han and the other people who would populate Tibet in the hope that you will perish—and you aren't perishing."" He praised the Tibetan people's strength and commitment to peaceful dialogue, adding, ""We've seen signs here, your background, your backbone and your passion will see you through the Middle Way."" Senator Hinch also observed that many democratic nations were becoming more willing to engage openly with the Tibet issue, stating, ""You'll find, going back a few years Western nations were sometimes worried that if we meet with the Dalai Lama, will that affect our economic ties with China. I think those days are over.""
Senator Hinch also observed that international attitudes towards Tibet were evolving. He noted that many democratic nations had previously been reluctant to engage openly with His Holiness the Dalai Lama for fear of jeopardising economic relations with China. In his view, however, those concerns were beginning to diminish as governments increasingly recognised the importance of defending universal values, including human rights, freedom, and justice.
The parliamentary delegation collectively called for continued international attention to the situation in Tibet. Members urged that the issue should not be forgotten and stressed the importance of maintaining peaceful international pressure to achieve a just and lasting resolution through dialogue. Their visit demonstrated that support for Tibet transcended political party affiliations and reflected shared democratic values within Australia's Parliament.
For Tibetans around the world, Senator Hinch's willingness to visit the Tibetan exile community, listen to their experiences, and speak publicly about their aspirations represented an important act of solidarity. His engagement helped bring greater visibility to a cause that has often struggled to receive sustained international attention.
Although Senator Derryn Hinch is widely remembered for his fearless journalism, advocacy for victims' rights, and distinguished parliamentary service, his support for Tibet also deserves recognition. He showed that principled leadership requires the courage to speak for those whose voices are too often ignored.
His legacy reminds us that freedom, justice, human dignity, and compassion remain universal values worthy of defence. The Tibetan people, together with many supporters of human rights around the world, will remember Senator Derryn Hinch with gratitude and respect for standing beside them during an important chapter in their modern history."
72,tibetpost,english,"A massive earthquake strikes Tibet, hundreds die, His Holiness offers prayer - Tibet Post International",,2026-06-12T00:00:00+00:00,"https://www.thetibetpost.com/news/tibet/a-massive-earthquake-strikes-tibet,-hundreds-die,-his-holiness-offers-prayer",5336,"Dharamshala — A devastating 7.1-magnitude earthquake struck Dingri and neighboring Shigatse counties in Tibet on Tuesday morning, killing 126 Tibetans, and injuring 188 and destroying 3609 homes. His Holiness the Dalai Lama, the leaders of the CTA, Tibetans inside the Tibet and in exile, the French President and the Taiwanese President express their solidarity and extend their prayers to the victims of the disaster.
On January 7, 2025, at around 9:05 a.m. local time, a devastating magnitude 7.1 earthquake struck Dingri County (Ch: Tingri), as residents woke up to temperatures of -13°C. This sudden catastrophe has left the population distraught and in disarray. Thousands of homes have been destroyed, along with water and electricity networks.
This earthquake also affects Dingri County and Shigatse's neighboring counties, such as Tingkye County, Lhatse County, Sakya County and Ngamring County.
According to US Geological Survey data, the 7.1-magnitude earthquake struck Dingri and neighboring Shigatse counties in Tibet. But the Chinese government claimed it was only a magnitude 6.8 earthquake. The Chinese government is still trying to hide the truth, and the number of Tibetans killed and injured could also be inaccurate.
After hearing sad news from Tibet, His Holiness the Dalai Lama expresses deep sadness over the Earthquake in Tibet, His Holiness wrote on January 7, 2025, “I am deeply saddened to learn of the devastating earthquake that struck Dingri in Tibet and the surrounding regions this morning. It has caused the tragic loss of many lives, numerous injuries, and extensive destruction to homes and property.”
“I offer my prayers for those who have lost their lives and extend my wishes for a swift recovery to all who have been injured,” he concluded.
Tibetan Parliament-in-Exile (TPiE)also issued condolence statement regarding the devasting earthquake in Tibet, on January 7, 2025.
The statement wrote, “an earthquake measuring 7.1 on the Richter scale struck several regions of Tibet, including the Dingri region, on the morning of 7 January 2025. Reports indicate that over a hundred people have lost their lives or been injured, with extensive damage to homes. The harsh winter conditions exacerbate the suffering, leaving many without adequate food, clothing, and shelter. This tragedy is deeply saddening and of great concern.”
“His Holiness the Dalai Lama, along with spiritual leaders from all Buddhist traditions, is offering prayers for the souls of those who have passed. The Tibetan Parliament-in-Exile joins in these prayers, seeking the blessings of Avalokiteshvara for the deceased. We extend our heartfelt condolences to the grieving families and pray for the swift recovery of the injured, hoping they will receive timely and appropriate medical care,” they said.
“We also call upon both public and private sectors to provide urgent assistance to those facing housing and other critical needs in the aftermath of this devastating disaster,” TPiE said.
Addressing the earthquake, Sikyong Penpa Tsering remarked, “Tibet is prone to earthquakes due to its location on the collision boundary between the Indian and Eurasian tectonic plates. This region, part of the Himalayan seismic belt, experiences significant geological activity as the Indian plate pushes northward under the Eurasian plate, resulting in seismic events.”
Highlighting the importance of ecological preservation, Sikyong emphasised, “The Chinese government must pay greater attention to Tibet’s fragile environment. This is not only about protecting Tibet’s ecology but also about safeguarding the well-being of its neighbouring countries like India and the rest of Asia. Furthermore, China’s plan to construct the world’s largest dam poses a significant threat to Tibet’s environment and its neighbouring regions.” Sikyong concluded by urging the Chinese government to prioritise the future and take proactive measures to preserve Tibet’s unique environment, which has far-reaching implications for the region and the world.”
The CTA, alongside Tibetans in and around Dharamshala, will organise a prayer service on January 8, 2025, at the Tsuglagkhang Main Temple.
Chief Minister Shri Pema Khandu ji posted on X: ""I am deeply saddened by the devastating earthquake along the Tibet-Nepal border. The loss of lives and destruction is heartbreaking. My sincere condolences to the families who lost their loved ones. May the departed souls rest in peace. We pray for the safety of all affected and wish the injured a swift recovery.""
Taiwan President Lai Ching-te posted on X: ""We stand with the people of Tibet and neighboring regions affected by the devastating earthquake. Our deepest condolences to the families who lost loved ones, and we hope rescue and aid efforts quickly reach all those in need.""
French President Emmanuel Macron posted on X: ""France extends its condolences to those who lost loved ones in the devastating earthquake in Tibet, and stands ready to support affected communities across the Himalayan region.""
The Dutch Ministry of Foreign Affairs posted on official X account: ""We extend our deepest sympathies to those affected by the devastating earthquake in Tibet. Our condolences to all who lost loved ones, and we commend the courage of rescue workers during this crisis.""
Tibet
Tibetans
earthquake"
73,tibetpost,english,The New Chinese law mandates assimilation of Tibetans into Han Culture - Tibet Post International,,2026-06-12T00:00:00+00:00,https://www.thetibetpost.com/news/tibet/the-new-chinese-law-mandates-assimilation-of-tibetans-into-han-culture,6033,"Dharamshala — The new Chinese law recently adopted by the People's Republic of China, which targets the Tibetan language, identity, culture, and religion as part of a policy of Sinicization, mandates the assimilation of Tibetans into Chinese culture through parents, monasteries, and public institutions; it will take effect on July 1, 2026.
The National People's Congress (NPC) passed a law on March 12, 2026, titled “Promotion of Ethnic Unity and Progress in the People's Republic of China (PRC).” This law reinforces policies of “Sinicization” and “assimilation,” particularly with regard to Tibetans and other oppressed peoples of Mongolia and East Turkestan. It mandates the Sinicization and assimilation of the Tibetan people, using parents, monasteries, various social organizations, and state institutions as instruments of implementation; the law is scheduled to officially take effect on July 1, 2026.
The new law aims to codify Xi Jinping’s policy on ethnic affairs, which promotes greater integration and cultural assimilation under the Chinese Communist Party (CCP) regime. It prioritizes the use of Mandarin in education, public services, and public life, thereby replacing previous policies that allowed instruction in minority languages such as Tibetan, Uyghur, and Mongolian. It also requires religious practices to align with Han-centered Chinese cultural norms and socialist values through the “Sinicization” of religion.
The law also requires parents and teachers to indoctrinate children so that they “love the CCP and China as a nation” and “internalize the idea that the Chinese people form one big family,” while warning against any attempt to instill in children concepts related to their own Tibetan culture, religion, and customs. It forces Tibetan parents to perform additional tasks during their children’s summer and winter vacations.
The Chinese new law further encouraged the inter-ethnic marriage, which aims to marry Tibetans and other ethnic people to Han Chinese and make their wives, husbands and children into Chinese.
Article 2 of the new law imposes the ideas of Chinese leaders such as Mao Zedong, Deng Xiaoping, and Xi Jinping on the population, particularly on Tibetan children and Tibetans. The law also requires the population to raise Chinese flags and display Chinese cultural symbols everywhere, even among truck drivers working in the field. It recently banned Tibetan cultural symbols such as thangkas and hats, which shows that the Chinese government is deeply insecure and is trying to physically demonstrate that these people are citizens of the nation, yet it fails to impose Chinese culture on Tibetans, no matter what methods are used.
Article 5 of the new law states: “All citizens of the People’s Republic of China are equal before the law. All ethnic groups in the People’s Republic of China are equal. Any discrimination or oppression against an ethnic group is prohibited,” however, Tibetans and other oppressed peoples are constantly subjected to discrimination in their professional lives, at their workplaces, when traveling, at school, and even when trying to book a hotel room, as hotels refuse to accommodate Tibetans.
Article 15 of the law requires Tibetans to “fully promote the use of the nation’s common language (Mandarin) and script” and stipulates that “the use of the nation’s common language and its script shall not be obstructed by any organization or individual.” It forces Tibetans and other oppressed peoples to learn and use the Chinese language and script, and to abandon their own language and script.
This article stipulates that schools and other educational institutions must use the Chinese language and script as the primary language of instruction; this forces teachers and students to learn Chinese without any alternative and compels them to do so; it aims to make Tibetans and other non-Chinese populations lose their language, culture, and religion, and to assimilate them into Chinese culture.
Article 20 of the law compels Tibetan parents to instill in their children thougts such as “love for the Chinese Communist Party, the motherland, the people, and the Chinese people,” and to encourage them to embrace the idea that the Chinese people form one single family; it also prohibits teaching Tibetan children their own language, culture, and religion, which constitutes a violation of their law and the fundamental rights of Tibetans.
Article 46 of the law requires Tibetan monasteries to carry out activities aimed at the Sinicization of Buddhism, to instill in Tibetan monks the communist ideas of Chinese leaders in the name of “patriotism,” and to promote “ethnic, religious, and social harmony.”
Article 60 of the law warns social groups, businesses, institutions, and other social organizations against any actions that could undermine the new law; if they do not cease such activities, they face penalties. It also warns these groups against any activity aimed at “dividing the nation”—an accusation often leveled against Tibetans who have organized peaceful protests against the Chinese government’s oppressive policies toward the Tibetan people, language, and religion.
Following the passage of this law, criticism was voiced by the international community, academics, and human rights organizations, who stated that the law constituted an instrument of “forced assimilation” that could infringe upon the cultural, linguistic, and religious rights of Tibetans, Uyghurs, and Inner Mongolians. Some see this as a reversal of previous policies that granted only nominal regional autonomy.
Even before the new Chinese law officially took effect, Chinese authorities in Tibetan regions had already begun removing Tibetan-language signs from school gates, shops, and offices as early as March 15, 2026. These actions are evidence of the illegal and ruthless measures taken by the Chinese authorities against the Tibetan people, their language, culture, and religion, and are aimed at erasing Tibetan identity.
Tibet
Language
Identity"
74,tibetpost,english,"Tibetans mourn death of Lobga Rangzen, protest China’s repressive policies in Tibet - Tibet Post International",,2026-06-12T00:00:00+00:00,"https://www.thetibetpost.com/news/exile/tibetans-mourn-death-of-lobga-rangzen,-protest-china’s-repressive-policies-in-tibet",6622,"Dharamshala — Tibetans in Canada, the United States, Europe, India and Taiwan have organised demonstrations to pay tribute to the great sacrifice of Lobga Rangzen, a Tibetan independence activist, who self-immolated in front of the UN headquarters to protest against the People’s Republic of China’s oppressive policies in Tibet and to demand an independence for Tibet, as he said, ""cause of all problems for Tibetans are lack of an independence for Tibet.""
Human Rights network for Tibet and Taiwan, Tibet Religious Foundation of His Holiness the Dalai Lama, Taiwan Association for Human Rights and several Taiwanese civil society organisations jointly organised a memorial service at 7PM, local time, on July 15, 2026, to pay tribute of
Lobga Rangzen
, who self-immolated in protest against the Chinese Communist Party’s so-called ‘Law on Promoting Ethnic Unity and Progress’.
Tibetans, activists from Tibet, Tibet-support NGOs, Hong Kong, East Turkestan and Taiwan—all affected by the CCP’s so-called “ethical unity law”, gathered at Liberty Square in Taipei, Taiwan, at local time, 7 PM, on July 15,2026, to mourn Lobga Rangzen, who self-immolated in front of UN headquarters in New York on July 2,2026, to protest against the Chinese government’s crackdown and oppressive policies in Tibet.
The activists also protested against the CCP’s law aimed at eliminating identities of Tibetans and other oppressed people. As Lobga Rangzen had said, the struggle must go on; thus, this gathering was not merely a tribute but, above all, an affirmation of ""unity""—uniting to resist the tyranny of the CCP and uniting to oppose this harmful law.
The activists wrote, ""The Tibetan martyr Lobga Rangzen (རང་བཙན་བློ་དགའ) real name Lobsang Palden; Rangzen means ‘independence’ in Tibetan) self-immolated at 5.59 pm (ET) on July 2, 2026, in front of the main entrance to the United Nations Headquarters in New York, holding the Tibetan national flag, in protest against Chinese tyranny and to appeal for the attention of the international community. This footage, streamed live from Loga Rangzen’s Facebook account, it breaks the hearts not only of Tibetans but of anyone with a conscience who witnesses it. The agony of being engulfed by flames is clinically recognised as one of the most intense and unbearable forms of pain—a torment that transcends human physiological limits—yet he remained standing upright until he collapsed at the very last moment.""
Why did Lobga Rangzen, living in a free country, choose such an extreme form of protest—setting himself on fire to offer his body as a sacrifice for the cause of Tibet? On July 1, 2026, the CCP implemented the so-called ""Law on Promoting Ethnic Unity and Progress,"" Lobga Rangzen set himself on fire on July 2, 2026, to protest against the law.
These were his final words: “What we are doing today is preserving our language and our culture. That is why we must continue to dance when it is time to dance, and to sing when it is time to sing. For the purpose of all this is to enable the younger generation of Tibetans to embrace and pass on their own language and culture. We must not remain prisoners of grief or silence simply because of the actions of a single person. What we should truly mourn—is the loss of our own country (Tibet). Each of us should commit ourselves more fully to our cause. That is why, with my hands joined in prayer, I implore all of you: if you truly wish to mourn me, act in accordance with the wishes I have expressed here. I don’t want you to mourn for me, I want you to continue the struggle for Tibetan independence, because the lack of independence of Tibet is the root of all our problems. Bhoe Gyalo, Bhoe Rangzen Gyalo” [Victory to Tibet. Victory to Tibetan Independence].""
The Tibetan activits said, ""Since 2009, there have been 159 self-immolations within Tibet; of these, 127 individuals are known to have died, while the fate of most of the others—who were forcibly taken away by military police—remains unknown. Outside Tibet (in India, Nepal, and the United States), a total of 11 Tibetans have self-immolated. The cumulative global total stands at 170 known cases, though there may be unreported incidents. While early self-immolators were primarily monks and nuns, the practice subsequently spread to all strata of Tibetan society—including nomads, farmers, students, intellectuals, mothers, and popular singers (such as Tsewang Norbu, who died by self-immolation in 2022)—with ages ranging from 15 to 81. The slogans shouted and the final messages or letters left behind by these individuals centered on key demands: the return of His Holiness the Dalai Lama to Tibet, the need for Tibetan freedom, and protests against the Chinese Communist Party’s forced policies of Sinicization—which are driving the cultural extermination of Tibet—along with a desire to preserve Tibetan religion, language, and culture.""
""These self-immolators were not driven by personal despair; rather, they sacrificed themselves through this extreme form of non-violence—an act that is peaceful and harms no one but the self—in an attempt to ignite international attention regarding the suffering of Tibet and to awaken a sense of unity among the Tibetan people,"" they added. ​
""We cannot bear to see—nor do we wish for—any more Tibetans sacrificing themselves in this way; the best course of action is for the world to heed the demands of the self-immolators and resist the atrocities committed by the Chinese Communist Party,"" the Tibetans urged.
Hundreds of Tibetans rallied in the streets of Mysuru and Bengaluru, in India, on July 15, 2025, to mark the second week of the death of Lobga Rangzen, a Tibetan independence activist who self-immolated in front of the UN headquarters to protest against the People’s Republic of China’s oppressive policies in Tibet and to demand independence for Tibet. These peaceful demonstrators put forward three demands: the repeal of the so-called ""Law on Promoting Ethnic Unity and Progress,"" and the oppressive measures in Tibet; the closure of colonial-style boarding schools that targeting Tibetan children; and to pay tribute to Lobga Rangzen.
Tibetans, supporters of Tibet and the Tibetan Association of Germany, in collaboration with the Tibetan Initiative in Germany, organised a solidarity demonstration and protest outside the Chinese Embassy in Berlin, on July 15, 2026, to pay tribute to the Tibetan martyr Lobga Rangzen, who self-immolated to protest against the ongoing oppression of the Tibetan people and against the PRC's so-called ""Law on Promoting Ethnic Unity and Progress.""
Tibet
Independence"
75,tibetpost,english,"Tibetans vehemently protest against the PRC's so-called ""ethnic unity law"" - Tibet Post International",,2026-06-12T00:00:00+00:00,https://www.thetibetpost.com/news/exile/tibetans-vehemently-protest-against-the-prc-s-so-called-ethnic-unity-law,3817,"Dharamshala — Hundreds of Tibetans staged a vigorous protest outside the United Nations headquarters in New York—the site where Tibetan independence activist Lobga Rangzen had self-immolated. He protested against the PRC's oppressive policies in Tibet, particularly the so-called ""Law on Promoting Ethnic Unity and Progress,"" and to demand independence for Tibet, he asserted that ""the lack of independence for Tibet is the root cause of all the problems that Tibetan people are facing.""
The Regional Tibetan Youth Congress of New York and New Jersey (RTYCNYNJ) organised a protest outside the United Nations headquarters and the Chinese Consulate in New York on July 16, 2026, to pay tribute to Tibetan martyr Lobsang Palden (or Lobga Rangzen) and commemorate the two weeks following his death, who self-immolated to protest against the People's Republic of China's oppressive policies in Tibet, particularly the so-called ""Law on Promoting Ethnic Unity and Progress,"" and to demand independence for Tibet.
Hundreds of Tibetans took part in the demonstration; they carried Lobga Rangzen’s coffin and protested outside the United Nations headquarters and the Chinese consulate in New York. They chanted slogans such as: ""UN, wake up,"" ""UN, speak for Tibet,"" ""World leaders, wake up,"" ""World leaders, speak up for Tibet,"" ""China lies, Tibetans die,"" ""We want justice for Lobga Rangzen,"" ""Lobga Rangzen’s life matters,"" ""Lobga Rangzen died for a free Tibet,"" ""We want justice for Tibetans,"" ""Shame on the UN,"" ""China is guilty, guilty of genocide,"" and ""Stop the cultural genocide in Tibet.""
Then the peaceful protesters marched from the United Nations headquarters to the Chinese consulate in New York, where they staged a vigorous protest, chanting slogans such as ""Tibet is not part of China,"" ""China, get out of Tibet—Tibet is an independent country,"" ""Tibet belongs to Tibetans""and ""The Tibetan people do not recognise the legitimacy of Chinese rule or the laws imposed on Tibet,""
A representative of RTYCNYNJ read out the open
letter
of Central Tibetan Youth Congress to the gathering. Which states, ""This is not merely a letter. It is a message carried by the final sacrifice of Tibetan patriot Lobga Rangzen, whose body was engulfed in flames because our homeland had been occupied and our people deprived of their freedom. His last act was not one of despair, it was one of resistance. he raised the Tibetan National Flag and he stood on fire, and declared to the world: ""Free Tibet, China Out of Tibet.""
""He sacrificed himself for the cause of Tibet and its Independence because decades of political repression, cultural destruction, restrictions on religious freedom, transnational repression, and now the implementation of the so-called ""Ethnic Unity Law.""
""You call it a law of unity. In reality you are trying to legalize the genocide, a legal procedure design to erase the identity of oppressed people. A law that weakens a nation's language, religion, culture, and history cannot be called unity. Unity cannot be imposed through assimilation. Unity cannot be manufactured through fear. Unity without freedom is not unity at all.
""The Chinese government must recognize the legitimate aspiration of the Tibetan people and restore Tibet's independence. Lasting peace and stability cannot be achieved through repression, forced assimilation, or military control, but only by ending occupation and respecting the will of the Tibetan people. We urge China to choose justice over oppression, freedom over domination, and peace over continued confrontation.""
The Tibetan activists also managed to deliver a letter to the Chinese embassy, ​​demanding full independence for Tibet and calling on the Chinese government to end its oppressive policies and ethnic cleansing law in Tibet.
Tibet
Human Rights
Free Tibet"
76,tibetpost,english,"""USA and Great Britain considered Tibet to be an independent state"": Frances C. Cutler - Tibet Post International",,2026-06-12T00:00:00+00:00,https://www.thetibetpost.com/news/exile/usa-and-great-britain-considered-tibet-to-be-an-independent-state-frances-c-cutler,7798,"Dharamshala — Tibet Museum organised an exhibition titled ""Frontier Diplomacy: Britain, Tibet, and Sir Basil Gould"", who served as the British representative in Sikkim, Bhutan, and Tibet from 1935 to 1945. Frances C. Cutler, granddaughter of Sir Basil Gould at the exhibition declared, ""the documents demonstrating that in 1947, both the United States and Great Britain considered Tibet to be an independent, sovereign state.""
The Tibet Museum organised an exhibition titled ""Frontier Diplomacy: Britain, Tibet, and Sir Basil Gould"" at the Tibet Museum in Gankyi (Dharamshala) on April 3, 2026. Sikyong Penpa Tsering of the Central Tibetan Administration and Frances C. Cutler, granddaughter of Sir Basil Gould, inaugurated the exhibition.
The exhibition featured two original letters, issued jointly by His Holiness the 14th Dalai Lama and Taktak Pandita Hothokthu and addressed to Gould; these letters request assistance in financial exchange and trade-related matters. Moreover, the exhibition presented rare documentary evidence of diplomatic engagement and Tibetan agency articulated in their own voice.
Sir Basil John Gould served as the British Representative to Sikkim, Bhutan, and
Tibet
from 1935 to 1945. He held the post of British Trade Agent in Gyantse, Tibet, from 1912 to 1913. He personally experienced and participated in the delicate diplomatic maneuvers that preceded the Simla Conference (1913–1914). In 1940, Gould attended the enthronement ceremony of His Holiness the 14th Dalai Lama in Lhasa, Tibet, and bore witness to Tibet's existence as an independent country.
Sir Basil John Gould
describes
his first meeting with His Holiness the 14th Dalai Lama during his enthronement,on February 22, 1940, ""As I knelt before the child (14th Dalai Lama), a long white scart which he had blessed was placed round my neck and I felt two small Arm hands on my head. Through those small hands I felt an inner strength, as though some of the strength and wisdom of many Dalai Lamas was being imparted to me.""
In 1913, at the request of the 13th Dalai Lama and the government of British India, Gould escorted four young Tibetans—Wangdu Norbu Kyipup, Khyenrab Kunzang Mondo, Sonam Gonpa Gongkar, and Rigzin Dorje Ringang—to England so that they might receive an education there. Ringang, who trained as an engineer and subsequently built Tibet's first hydroelectric power plant in 1927. Gongkar trained from British military training, notably at the Royal Military Academy in Woolwich during the First World War.
Tenzin Topden, the Director of The Tibet Museum said, ""this exhibition examines a pivotal chapter in Tibet's modern history through the life and records of Sir Basil John Gould CBE (1883-1956), a British civil servant whose sustained engagement with Tibet positioned him at the intersection of diplomacy, cultural exchange, and historical documentation. Beyond his official responsibilities, Gould developed a close observational understanding of Tibetan society, leaving behind written and visual records that remain significant sources for the study of twentieth-century Tibet.""
""A focal point of the exhibition is a group of objects directly associated with Basil Gould, most notably two original letters jointly issued by His Holiness the 14th Dalai Lama and Taktak Pandita Hothokthu. Addressed to Gould, these letters request assistance in financial exchange from the America and other trade-related matters. As the exhibition's principal artefacts, they represent rare documentary evidence of diplomatic engagement and Tibetan agency articulated in their own voice. The concluding section moves beyond archival material to contemporary interpretation,"" he explained.
Topdhen said, ""Digital works and an immersive installation-developed in collaboration with Sherab Gatsel Lobling school, differently abled and rehabilitation centre members of the Tibetan community-revisit the enthronement of His Holiness through a large-scale collective collage. These works emphasise history as a living continuum, open to reflection, reinterpretation, and renewed meaning.""
""The narrative extends into the present through recorded meetings between Basil Gould's grand daughter and His Holiness the Dalai Lama. This ongoing relationship underscores that the preservation of Tibet's history is not solely an act of safeguarding the past, but a commitment to sustaining an accurate, ethical, and uncensored historical memory for future generations,"" the Director of The Tibet Museum concluded.
Frances C. Cutler, granddaughter of Sir Basil Gould said, ""Sadly, I never knew my grandfather, as he died two years before I was born, but his life has had a profound and lasting influence on mine. I grew up in rural Hampshire in southern England, far removed from Tibet both physically and culturally. Yet the history and spirit of that distant land surrounded me. As a small child, I ran along an upstairs corridor lined with thangkas, loving the sound of their wooden poles clanking gently against the walls, though some of the fierce deities unsettled me. Above our sitting room fireplace hung Kanwal Krishna's oil portrait of His Holiness the 14th Dalai Lama at his installation in 1940. Around the house were Krishna's watercolours of members of the Holy Family and the ceremony itself. To me, this seemed entirely ordinary.""
""At the age of eight, I chose to write a school project about the search for the reincarnation of the 14th Dalai Lama. I was fascinated by how the search party was guided to the correct region of Tibet, to the exact house, and how the young boy identified the former Dalai Lama's belongings from among similar objects. I could write about this because I had read my grandfather's book, The Jewel in the Lotus. His account of the four-year-old child sitting so still, day after day, and the quiet awe he inspired, moved me deeply then and still does now. My interest in Tibet deepened when my parents welcomed Tibetan students into our home while they studied in England. I suspect my father was, consciously or not, following in his own father's footsteps, recalling how Sir Basil escorted four ""Rugby boys"" from Lhasa to England in 1913. Nyima, Chimey, Lobsang, Yangchen and Tsering lived with us, offering kindness, laughter and companionship. Tsering Shakya is now a respected historian at the University of British Columbia, and it has been a joy to reconnect with him,"" she said.
Frances C. Cutler said, ""After the death of my parents, Dick and Erica Gould, my curiosity about Sir Basil's life was renewed. Sorting through their papers led me to explore his journeys into Tibet, his work on the Tibetan language, and his ten-year service as Political Officer in Sikkim, Bhutan and Tibet from 1935 to 1945. Margaret Williamson's memoir of her time in Tibet, Sikkim and Bhutan helped me imagine those six-week journeys to Lhasa in the 1930s.""
""After being approached by the Tibet Office in London, I had the great pleasure of handing them over to Sikyong Penpa Tsering in July last year. It is absolutely wonderful to see them exhibited here (Dharamshala), where they should be, demonstrating that in 1947, both the United States and Great Britain considered Tibet to be an independent, sovereign state,"" she concluded her speech.
Sikyong Penpa Tsering thanked Frances C. Cutler for her donation and elaborated on the historical engagements of the independent Tibetan government with Western nations. The Sikyong highlighted the long tradition of visits by Western nationals to Tibet—dating back to the early 17th century—viewing this as evidence of Tibet's historical status, as well as a means to counter China's distorted narratives regarding Tibet's history prior to its annexation by the People's Liberation Army in 1950s.
Tibet
Tibetans
History
Britain"
77,tibetpost,english,"His Holiness the Dalai Lama congratulates Andy Burnham, the new PM of the UK - Tibet Post International",,2026-06-12T00:00:00+00:00,"https://www.thetibetpost.com/news/exile/his-holiness-the-dalai-lama-congratulates-andy-burnham,-the-new-pm-of-the-uk",1901,"Dharamshala — His Holiness the Dalai Lama congratulated Andy Burnham on his assumption of the office of Prime Minister of the UK. His Holiness wrote, ""I wish you every success in meeting the challenges that lie ahead in fulfilling the needs and aspirations of the British people, and in contributing to the creation of a more peaceful and compassionate world for us all.""
His Holiness the Dalai Lama wrote to Andy Burnham on July 21, 2026, from the Shewatsel Phodrang in Leh, Ladakh (India), to congratulate him on taking office as Prime Minister of the United Kingdom. Andy Burnham assumed office as the 57th Prime Minister of the United Kingdom on July 20, 2026, after meeting with King Charles III at Buckingham Palace to form a new government, succeeding Sir Keir Starmer.
His Holiness the Dalai Lama wrote,""Today, the world is passing through a very difficult and uncertain time. Historically, your country has played a leadership role in international affairs, and it is my hope that even as you work for the development of your own nation, you will also work closely with other countries to resolve the problems before us — both urgent and long-term — with a firm belief in the oneness of humanity and a shared desire for peace and happiness.""
The spiritual leader of Tibet said, “As you may be aware, we Tibetans have long enjoyed a historic and unique relationship with your country. During my several visits there, I have deeply appreciated the warmth extended to me by people from all walks of life, as well as their support for my efforts to promote human values, nonviolence, and interfaith harmony.”
“I wish you every success in meeting the challenges that lie ahead in fulfilling the needs and aspirations of the British people, and in contributing to the creation of a more peaceful and compassionate world for us all,""His Holiness concluded his congratulatory letter.
Tibet
Dalai Lama"
78,tibetpost,english,"Thousands of Tibetans staged protest to condenm PRC's ""Ethic Unity Law"" - Tibet Post International",,2026-06-12T00:00:00+00:00,https://www.thetibetpost.com/news/exile/thousands-of-tibetans-staged-protest-to-condenm-prc-s-ethic-unity-law,7416,"Dharamshala — Thousands of Tibetans staged a strong protest against the Chinese government’s repressive policies in Tibet, particular to China's so-called ""Ethnic Unity and Progress Law"" and they said, ""this law is an illegal instrument to institutionalize the Chinese government's long-standing policy of forced assimilation and to strengthen state control over non-Chinese peoples, particularly Tibetans."" They also expressed solidarity with Tibetan martyr Lobga Rangzen, who self-immolated to protest against the PRC's oppressive policies in Tibet and to demand independence for Tibet.
The Tibetan Youth Congress, the Tibetan Women's Association, Students for a Free Tibet – India, Gu-Chu-Sum Movement of Tibet, National Democratic Party of Tibet, and the International Tibet Network, organised a joint protest honoring the supreme sacrifice of Martyr Lobga Rangzen and condemning China's so-called ""Ethnic Unity and Progress Law."" The protest joined by thousands of Tibetans around the Dharamshala and they marched from McLeod Ganj to Kachari, Dharamshala, on July 18, 2026.
The Tibetan organisations and protestors call on the United Nations and the international community to recognise martyr Lobga Rangzen's sacrifice, address the worsening human rights situation in Tibet, reject China's policy of forced assimilation, and support the Tibetan people's right to freedom.
When Tibetan protestors marching from gate of Tsuklakhang, Mecleod to Police Groud, Kacheri, Dharamshala, they carried Lobga Rangzen’s coffin and protested against the Chinese government's repressive policies in Tibet. They chanted slogans such as: ""UNO, wake up,"" ""UNO, speak for Tibet,"" ""World leaders, wake up,"" ""World leaders, speak up for Tibet,"" ""China lies, Tibetans die,"" ""We want justice for Lobga Rangzen,"" ""Lobga Rangzen’s life matters,"" ""Lobga Rangzen died for a free Tibet,"" ""We want justice for Tibetans,"" ""Shame on the UNO,"" ""China is guilty, guilty of genocide,"" and ""Stop the cultural genocide in Tibet.""
Tsering Dolma, President of Tibetan Women's Association read out the statement of above Tibetan NGOs in English, she said, ""Recent on July 2, 2026, Tibetan patriot Lobga Rangzen set himself on fire in front of the United Nations Headquarters in New York in a profound act of sacrifice for Tibet and its people. In his final video testament, he made clear that his action was not driven by personal despair, but by his deep concern for the survival of the Tibetan nation. He warned that the Chinese government is carrying out policies aimed at destroying the Tibetan people through systematic repression and the eradication of Tibetan identity.""
""Lobga Rangzen emphasized that no nation has ever succeeded without commitment, courage, and action for freedom movement. He appealed to Tibetans everywhere to unite and work on the common cause of Tibet's independence. In his testament, Lobga Rangzen stated that we Tibetans lost our fundamental rights and freedoms because we lost our country Tibet. He called upon the Tibetan Government in Exile, the Tibetan Parliament-in-Exile, Tibetan civil society organisations, and Tibetans around the world to unite and work collectively for the future of Tibet,"" she added.
""He also requested that his sacrifice should not lead to the cancellation of cultural performances, songs, or other expressions of Tibetan identity, emphasizing that these are essential to preserving Tibetan culture and inspiring younger generations. He asked Tibetans not to mourn his death but instead to fulfill the aspirations for which he sacrificed his life. His final words were: ""Victory to Tibet! Victory for Tibet’s Independence!""
Tsering Chophel, President of Tibetan Youth Congress said,""On March 12, 2026, during the National People's Congress, the Chinese Communist government adopted the so-called “Regulations on Promoting Ethnic Unity and Progress”, a 65-article law that entered into force on July 1,2026, coinciding with the anniversary of the founding of the Chinese Communist Party. Presented under the language of ""ethnic unity,"" this law is an illegal instrument to institutionalize the Chinese government's long-standing policy of forced assimilation and to strengthen state control over non-Chinese peoples, particularly Tibetans.
""The implementation of this law represents a serious escalation of China's efforts to erase the distinct identity of the Tibetan people. Through the systematic assimilation of language, religion, culture, customs, history, and education, it seeks to transform Tibet into an inseparable part of a single Chinese national identity, thereby undermining the Tibetan people's fundamental rights, dignity, and national identity. In response to these developments, the Tibetan NGOs and support group jointly issue the following demands to the Chinese government, the United Nations, and the international community:
1. United Nations Response: As Lobga Rangzen made the ultimate sacrifice in front of the United Nations Headquarters, we urge the United Nations to respond in a meaningful and formal manner by addressing the grave human rights situation in Tibet and the circumstances that compelled his sacrifice.
2. Accountability for Tibetans Driven to Self-Immolation: The Chinese government must be held accountable for the policies and repression that have driven Lobga Rangzen and numerous Tibetans to the tragic act of self-immolation.
3. Recognition of Tibet's Sovereignty: Tibet was an independent nation before its occupation by the so called People's Republic of China and remains under Chinese occupation today. We call upon the international community to recognize Tibet's historical status and support the Tibetan people's right to restore their freedom and independence.
4. Repeal the so-called “Ethnic Unity and Progress Law”: We reject this law as an instrument of forced assimilation and call for its immediate repeal and the cessation of its implementation throughout Tibet.
5. International Action and Monitoring: We call upon governments, international organisations, and human rights mechanisms to closely monitor the implementation of the so-called “Ethnic Unity and Progress law”, investigate its impact on Tibetans and other peoples under Chinese rule, and hold the so-called People's Republic of China accountable under international human rights standards.
Tenzing Pasang, National Director of Students for a Free Tibet said, ""We reject and condemn the recent statement made by Mr Stéphane Dujarric, spokesperson of the Secretary-General (United Nations) referring to Tibet as a ""minority."" Such characterization is historically inaccurate, politically misleading, and serves only to reinforce the Chinese Communist Party's propaganda. Tibet is not a minority of China. It is an occupied nation with its own distinct history, civilization, language, culture, religion, government, and national identity. Calling Tibet a ""minority"" erases its national identity and undermines the Tibetan people's right to freedom and independence.
""We call on the United Nations to uphold truth and impartiality. It must not use language that legitimizes China's occupation of Tibet or erases the Tibetan nation's identity. The United Nations' words shape global opinion. They must not legitimize occupation or contribute to the erasure of Tibet's identity and the Tibetan people's aspirations for freedom,"" she concluded.
Tibet
Self-immolation"
79,tibetpost,english,Tibetan Youth Congress Launches a Global Series of Protests Against PRC - Tibet Post International,,2026-06-12T00:00:00+00:00,https://www.thetibetpost.com/news/exile/tibetan-youth-congress-launches-a-global-series-of-protests-against-prc,7792,"Dharamshala — Tibetan Youth Congress launchesd a Worldwide Chain Protest in Memory of Martyr Lobga Rangzen and Rejects China's so-called ""Ethnic Unity Law"" on Sunday. They said,"" The law provides a legal framework for enforcing political conformity and accelerating the assimilation of peoples living under Chinese occupation and rule, including Tibet, East Turkistan, Southern Mongolia, and Manchuria. Unity cannot be created through coercion.""
The Tibetan Youth Congress (TYC) launched of a Worldwide Chain Protest in Memory of Martyr Lobga Rangzen and Rejects China's so-called ""Ethnic Unity and progressive Law"", beginning from Dharamshala on July 19, 2026 and expanding across the globe through our regional chapters and supporters, nearly 20 countries across the world.
The first group of people participating in the hunger strike includes Lobsang Tsering, Gonpo Dhondup, Karma Yeshe, Lobsang Yeshe, Tenzin Lhamo, and Penpa Tsering—all former members of the executive committee of the Central Tibetan Youth Congress.The TYC will organise a month-long hunger strike in Dharamsala, after which its members will travel to New Delhi and other locations where the regional TYC existed. Furthermore, the Worldwide Chain Protest in Memory of Martyr Lobga Rangzen and Rejects China's so-called ""Ethnic Unity and progressive Law"", — will take place in New York and at various locations across the United States, Canada, Europe, and other countries to continue the campaign.
Tenzin Lobsang, general secretary of TYC read out the statement of TYC and said, ""This international campaign honors the life and final appeal of Tibetan martyr Lobga Rangzen, who died following his self-imolation protest outside of United Nations Headquarters in New York, on July 2, 2026.
""Lobga Rangzen devoted his life to the Tibetan freedom movement. His death must not be reduced to a passing tragedy or met only with words of condolence. His final protest was an appeal to the conscience of the international community and a reminder that Tibet remains an occupied nation whose people continue to struggle for freedom and independence.
""His appeal cannot be ignored, buried, or erased. The Tibetan Youth Congress will carry his message forward through sustained, collective, and nonviolent action until the Tibetan people's struggle receives the international attention and action it demands.
""Beginning in Dharamshala, TYC will organise a chain hunger strike accompanied by coordinated demonstrations, candlelight vigils, public rallies, awareness campaigns, diplomatic outreach, and peaceful direct actions. TYC chapters and supporters worldwide will continue these actions in succession, standing together unity, and resistance.""
Tashi Dharjee, Vice President of TYC said, ""The Tibetan Youth Congress unequivocally rejects the ""Ethnic Unity and Progress Promotion Law"" imposed by the so-called People's Republic of China. The law, which came into force on July 1, 2026, provides a legal framework for enforcing political conformity and accelerating the assimilation of peoples living under Chinese occupation and rule, including Tibet, East Turkistan, Southern Mongolia, and Manchuria.
""Unity cannot be created through coercion. Behind the language of ""ethnic unity"", this law strengthens a unilateral system through, which the Chinese government suppresses distinct languages, dominates religious institutions, rewrites history, destroys cultural hentage, separates children from their families and communities through state-run colonial boardino schools, and demands absolute loyalty to the Chinese Communist Party.
""A government cannot legislate away the identity of a nation. A policy intended to erase a people's language, culture, history, and spiritual heritage is not unity. It is state-enforced assimilation.""
TYC activists said, ""in response to the self-immolation of Martyr Lobga Rangzen, the continuing occupation of Tibet, and the implementation of China's assimilation law, the Tibetan Youth Congress issues the following demands:
1. A formal and substantive response from the United Nations: Lobga Rangzen carried out his final protest outside the United Nations Headquarters. The United Nations must respond with more than condolences. We call upon the Secretary-General, the Office of the United Nations High Commissioner for Human Rights, and relevant UN mechanisms to formally address the human rights crisis in Tibet and the circumstances that led to his protest. The United Nations must press China to grant meaningful and unfettered access to Tibet for UN experts, independent observers, and international journalists.
2. An end to language that erases Tibet's national identity: We reject the framing used by Stéphane Dujarric, Spokesperson for the UN Secretary-General, which treated the Tibetan people merely as a ""minority"" within China.
Such language is historically inaccurate and politically consequential. It reinforces the Chinese Communist Party's narrative, erases Tibet's independent national identity, and undermines the Tibetan people's right to freedom and independence. The United Nations must uphold truth and impartiality. Its language must not legitimize China's occupation or prejudge the political status and aspirations of the Tibetan people.
3. Accountability for the repression that has driven Tibetans to self-immolation: The Chinese government must be held accountable for the policies and repression that have created the conditions in which LobgaRangzen and numerous other Tibetans have resorted to the act of self-immolation.
We call upon the United Nations and governments worldwide to investigate, document, and publicly challenge China's violations of the political, cultural, linguistic, and religious rights of the Tibetan people.
4. Recognition of Tibet's sovereignty and right to independence: Tibet was an independent nation before its occupation by the People's Republic of China and remains under Chinese occupation today.
We call upon goverments, parliaments, and intermational institutions to recognize Tibet's historical status, reject the characterization of Tibet as merely an internal matter of China, and support the Tibetan people's right to restore their freedom and independence.
5. Immediate repeal of the so-called Ethnic Unity and Progress Promotion Law: We reject immediately repeal it, halt its implementation throughout Tibet, and end all policies intended to eliminate Tibet's distinct national, linguistic, cultural, and religious identity.
6. The immediate and unconditional release of all Tibetan political prisoners: We demand the inmediate and unconditional release of the 1l th Panchen Lama, who became the world's youngest political prisoners after being taken into Chinese custody as a child.
We further demand the release of all Tibetan political prisoners including environmental activists, artists, writers, religious figures, and others imprisoned for peacefully defending Tibet's land, identity, culture, religion, language, and freedom.
Lobga Rangzen's death does not mark the end of his struggle. It is a renewed call for resistance, solidarity, and international action. It confronts the world with a choice: continued silence in the face of occupation and forced assimilation, or meaningful action in defense of truth, freedom, and justice.
The United Nations cannot remain a silent witness. Governments cannot continue to treat Tibet as an inconvenient issue to be ignored. Silence enables repression, and inaction allows the destruction of a nation to continue.
Lobga Rangzen's courage has become a symbol of the unbreakable Tibetan spirit. We honor Lobga Rangzen's life by amplifying his voice through our movement, our unity, and our unwavering commitment to Tibet's independence.""
Tibet
Free Tibet
hunger strike"
